[2025-07-13 13:39:21] production.ERROR: ldap_read(): Search: Can't contact LDAP server {"exception":"[object] (LdapRecord\\LdapRecordException(code: 2): ldap_read(): Search: Can't contact LDAP server at /app/vendor/directorytree/ldaprecord/src/LdapRecordException.php:19)
[stacktrace]
#0 /app/vendor/directorytree/ldaprecord/src/HandlesConnection.php(206): LdapRecord\\LdapRecordException::withDetailedError()
#1 /app/vendor/directorytree/ldaprecord/src/Ldap.php(236): LdapRecord\\Ldap->executeFailableOperation()
#2 /app/vendor/directorytree/ldaprecord/src/Query/Builder.php(587): LdapRecord\\Ldap->read()
#3 /app/vendor/directorytree/ldaprecord/src/Connection.php(354): LdapRecord\\Query\\Builder->{closure:LdapRecord\\Query\\Builder::run():576}()
#4 /app/vendor/directorytree/ldaprecord/src/Connection.php(422): LdapRecord\\Connection->runOperationCallback()
#5 /app/vendor/directorytree/ldaprecord/src/Connection.php(404): LdapRecord\\Connection->retry()
#6 /app/vendor/directorytree/ldaprecord/src/Connection.php(314): LdapRecord\\Connection->tryAgainIfCausedByLostConnection()
#7 /app/vendor/directorytree/ldaprecord/src/Query/Builder.php(576): LdapRecord\\Connection->run()
#8 /app/vendor/directorytree/ldaprecord/src/Query/Builder.php(362): LdapRecord\\Query\\Builder->run()
#9 /app/vendor/directorytree/ldaprecord/src/Query/Builder.php(562): LdapRecord\\Query\\Builder->{closure:LdapRecord\\Query\\Builder::query():362}()
#10 /app/vendor/directorytree/ldaprecord/src/Query/Builder.php(364): LdapRecord\\Query\\Builder->getCachedResponse()
#11 /app/vendor/directorytree/ldaprecord/src/Query/Builder.php(201): LdapRecord\\Query\\Builder->query()
#12 /app/vendor/directorytree/ldaprecord/src/Query/Builder.php(218): LdapRecord\\Query\\Builder->{closure:LdapRecord\\Query\\Builder::get():201}()
#13 /app/vendor/directorytree/ldaprecord/src/Query/Builder.php(200): LdapRecord\\Query\\Builder->onceWithColumns()
#14 /app/vendor/directorytree/ldaprecord/src/Query/Builder.php(652): LdapRecord\\Query\\Builder->get()
#15 /app/vendor/directorytree/ldaprecord/src/Query/Model/Builder.php(104): LdapRecord\\Query\\Builder->first()
#16 /app/vendor/directorytree/ldaprecord/src/Query/Builder.php(665): LdapRecord\\Query\\Model\\Builder->first()
#17 /app/vendor/directorytree/ldaprecord/src/Query/Model/Builder.php(112): LdapRecord\\Query\\Builder->firstOrFail()
#18 /app/app/Classes/LDAP/Server.php(254): LdapRecord\\Query\\Model\\Builder->firstOrFail()
#19 /app/app/Classes/LDAP/Server.php(42): App\\Classes\\LDAP\\Server::rootDSE()
#20 /app/app/Http/Middleware/SwapinAuthUser.php(47): App\\Classes\\LDAP\\Server->__construct()
#21 /app/vendor/laravel/framework/src/Illuminate/Pipeline/Pipeline.php(208): App\\Http\\Middleware\\SwapinAuthUser->handle()
#22 /app/app/Http/Middleware/AllowAnonymous.php(26): Illuminate\\Pipeline\\Pipeline->{closure:{closure:Illuminate\\Pipeline\\Pipeline::carry():183}:184}()
#23 /app/vendor/laravel/framework/src/Illuminate/Pipeline/Pipeline.php(208): App\\Http\\Middleware\\AllowAnonymous->handle()
#24 /app/app/Http/Middleware/AcceptLanguage.php(23): Illuminate\\Pipeline\\Pipeline->{closure:{closure:Illuminate\\Pipeline\\Pipeline::carry():183}:184}()
#25 /app/vendor/laravel/framework/src/Illuminate/Pipeline/Pipeline.php(208): App\\Http\\Middleware\\AcceptLanguage->handle()
#26 /app/vendor/laravel/framework/src/Illuminate/Routing/Middleware/SubstituteBindings.php(50): Illuminate\\Pipeline\\Pipeline->{closure:{closure:Illuminate\\Pipeline\\Pipeline::carry():183}:184}()
#27 /app/vendor/laravel/framework/src/Illuminate/Pipeline/Pipeline.php(208): Illuminate\\Routing\\Middleware\\SubstituteBindings->handle()
#28 /app/vendor/laravel/framework/src/Illuminate/Foundation/Http/Middleware/VerifyCsrfToken.php(87): Illuminate\\Pipeline\\Pipeline->{closure:{closure:Illuminate\\Pipeline\\Pipeline::carry():183}:184}()
#29 /app/vendor/laravel/framework/src/Illuminate/Pipeline/Pipeline.php(208): Illuminate\\Foundation\\Http\\Middleware\\VerifyCsrfToken->handle()
#30 /app/vendor/laravel/framework/src/Illuminate/View/Middleware/ShareErrorsFromSession.php(48): Illuminate\\Pipeline\\Pipeline->{closure:{closure:Illuminate\\Pipeline\\Pipeline::carry():183}:184}()
#31 /app/vendor/laravel/framework/src/Illuminate/Pipeline/Pipeline.php(208): Illuminate\\View\\Middleware\\ShareErrorsFromSession->handle()
#32 /app/vendor/laravel/framework/src/Illuminate/Session/Middleware/StartSession.php(120): Illuminate\\Pipeline\\Pipeline->{closure:{closure:Illuminate\\Pipeline\\Pipeline::carry():183}:184}()
#33 /app/vendor/laravel/framework/src/Illuminate/Session/Middleware/StartSession.php(63): Illuminate\\Session\\Middleware\\StartSession->handleStatefulRequest()
#34 /app/vendor/laravel/framework/src/Illuminate/Pipeline/Pipeline.php(208): Illuminate\\Session\\Middleware\\StartSession->handle()
#35 /app/vendor/laravel/framework/src/Illuminate/Cookie/Middleware/AddQueuedCookiesToResponse.php(36): Illuminate\\Pipeline\\Pipeline->{closure:{closure:Illuminate\\Pipeline\\Pipeline::carry():183}:184}()
#36 /app/vendor/laravel/framework/src/Illuminate/Pipeline/Pipeline.php(208): Illuminate\\Cookie\\Middleware\\AddQueuedCookiesToResponse->handle()
#37 /app/vendor/laravel/framework/src/Illuminate/Cookie/Middleware/EncryptCookies.php(74): Illuminate\\Pipeline\\Pipeline->{closure:{closure:Illuminate\\Pipeline\\Pipeline::carry():183}:184}()
#38 /app/vendor/laravel/framework/src/Illuminate/Pipeline/Pipeline.php(208): Illuminate\\Cookie\\Middleware\\EncryptCookies->handle()
#39 /app/vendor/laravel/framework/src/Illuminate/Pipeline/Pipeline.php(126): Illuminate\\Pipeline\\Pipeline->{closure:{closure:Illuminate\\Pipeline\\Pipeline::carry():183}:184}()
#40 /app/vendor/laravel/framework/src/Illuminate/Routing/Router.php(807): Illuminate\\Pipeline\\Pipeline->then()
#41 /app/vendor/laravel/framework/src/Illuminate/Routing/Router.php(786): Illuminate\\Routing\\Router->runRouteWithinStack()
#42 /app/vendor/laravel/framework/src/Illuminate/Routing/Router.php(750): Illuminate\\Routing\\Router->runRoute()
#43 /app/vendor/laravel/framework/src/Illuminate/Routing/Router.php(739): Illuminate\\Routing\\Router->dispatchToRoute()
#44 /app/vendor/laravel/framework/src/Illuminate/Foundation/Http/Kernel.php(200): Illuminate\\Routing\\Router->dispatch()
#45 /app/vendor/laravel/framework/src/Illuminate/Pipeline/Pipeline.php(169): Illuminate\\Foundation\\Http\\Kernel->{closure:Illuminate\\Foundation\\Http\\Kernel::dispatchToRouter():197}()
#46 /app/vendor/laravel/framework/src/Illuminate/Foundation/Http/Middleware/TransformsRequest.php(21): Illuminate\\Pipeline\\Pipeline->{closure:Illuminate\\Pipeline\\Pipeline::prepareDestination():167}()
#47 /app/vendor/laravel/framework/src/Illuminate/Foundation/Http/Middleware/ConvertEmptyStringsToNull.php(31): Illuminate\\Foundation\\Http\\Middleware\\TransformsRequest->handle()
#48 /app/vendor/laravel/framework/src/Illuminate/Pipeline/Pipeline.php(208): Illuminate\\Foundation\\Http\\Middleware\\ConvertEmptyStringsToNull->handle()
#49 /app/vendor/laravel/framework/src/Illuminate/Foundation/Http/Middleware/TransformsRequest.php(21): Illuminate\\Pipeline\\Pipeline->{closure:{closure:Illuminate\\Pipeline\\Pipeline::carry():183}:184}()
#50 /app/vendor/laravel/framework/src/Illuminate/Foundation/Http/Middleware/TrimStrings.php(51): Illuminate\\Foundation\\Http\\Middleware\\TransformsRequest->handle()
#51 /app/vendor/laravel/framework/src/Illuminate/Pipeline/Pipeline.php(208): Illuminate\\Foundation\\Http\\Middleware\\TrimStrings->handle()
#52 /app/vendor/laravel/framework/src/Illuminate/Http/Middleware/ValidatePostSize.php(27): Illuminate\\Pipeline\\Pipeline->{closure:{closure:Illuminate\\Pipeline\\Pipeline::carry():183}:184}()
#53 /app/vendor/laravel/framework/src/Illuminate/Pipeline/Pipeline.php(208): Illuminate\\Http\\Middleware\\ValidatePostSize->handle()
#54 /app/vendor/laravel/framework/src/Illuminate/Foundation/Http/Middleware/PreventRequestsDuringMaintenance.php(109): Illuminate\\Pipeline\\Pipeline->{closure:{closure:Illuminate\\Pipeline\\Pipeline::carry():183}:184}()
#55 /app/vendor/laravel/framework/src/Illuminate/Pipeline/Pipeline.php(208): Illuminate\\Foundation\\Http\\Middleware\\PreventRequestsDuringMaintenance->handle()
#56 /app/vendor/laravel/framework/src/Illuminate/Http/Middleware/HandleCors.php(48): Illuminate\\Pipeline\\Pipeline->{closure:{closure:Illuminate\\Pipeline\\Pipeline::carry():183}:184}()
#57 /app/vendor/laravel/framework/src/Illuminate/Pipeline/Pipeline.php(208): Illuminate\\Http\\Middleware\\HandleCors->handle()
#58 /app/vendor/laravel/framework/src/Illuminate/Http/Middleware/TrustProxies.php(58): Illuminate\\Pipeline\\Pipeline->{closure:{closure:Illuminate\\Pipeline\\Pipeline::carry():183}:184}()
#59 /app/vendor/laravel/framework/src/Illuminate/Pipeline/Pipeline.php(208): Illuminate\\Http\\Middleware\\TrustProxies->handle()
#60 /app/vendor/laravel/framework/src/Illuminate/Foundation/Http/Middleware/InvokeDeferredCallbacks.php(22): Illuminate\\Pipeline\\Pipeline->{closure:{closure:Illuminate\\Pipeline\\Pipeline::carry():183}:184}()
#61 /app/vendor/laravel/framework/src/Illuminate/Pipeline/Pipeline.php(208): Illuminate\\Foundation\\Http\\Middleware\\InvokeDeferredCallbacks->handle()
#62 /app/vendor/laravel/framework/src/Illuminate/Http/Middleware/ValidatePathEncoding.php(26): Illuminate\\Pipeline\\Pipeline->{closure:{closure:Illuminate\\Pipeline\\Pipeline::carry():183}:184}()
#63 /app/vendor/laravel/framework/src/Illuminate/Pipeline/Pipeline.php(208): Illuminate\\Http\\Middleware\\ValidatePathEncoding->handle()
#64 /app/vendor/laravel/framework/src/Illuminate/Pipeline/Pipeline.php(126): Illuminate\\Pipeline\\Pipeline->{closure:{closure:Illuminate\\Pipeline\\Pipeline::carry():183}:184}()
#65 /app/vendor/laravel/framework/src/Illuminate/Foundation/Http/Kernel.php(175): Illuminate\\Pipeline\\Pipeline->then()
#66 /app/vendor/laravel/framework/src/Illuminate/Foundation/Http/Kernel.php(144): Illuminate\\Foundation\\Http\\Kernel->sendRequestThroughRouter()
#67 /app/vendor/laravel/framework/src/Illuminate/Foundation/Application.php(1219): Illuminate\\Foundation\\Http\\Kernel->handle()
#68 /app/public/index.php(17): Illuminate\\Foundation\\Application->handleRequest()
#69 {main}

[previous exception] [object] (ErrorException(code: 2): ldap_read(): Search: Can't contact LDAP server at /app/vendor/directorytree/ldaprecord/src/Ldap.php:246)
[stacktrace]
#0 [internal function]: LdapRecord\\Ldap->{closure:LdapRecord\\HandlesConnection::executeFailableOperation():184}()
#1 /app/vendor/directorytree/ldaprecord/src/Ldap.php(246): ldap_read()
#2 /app/vendor/directorytree/ldaprecord/src/HandlesConnection.php(193): LdapRecord\\Ldap->{closure:LdapRecord\\Ldap::read():236}()
#3 /app/vendor/directorytree/ldaprecord/src/Ldap.php(236): LdapRecord\\Ldap->executeFailableOperation()
#4 /app/vendor/directorytree/ldaprecord/src/Query/Builder.php(587): LdapRecord\\Ldap->read()
#5 /app/vendor/directorytree/ldaprecord/src/Connection.php(354): LdapRecord\\Query\\Builder->{closure:LdapRecord\\Query\\Builder::run():576}()
#6 /app/vendor/directorytree/ldaprecord/src/Connection.php(422): LdapRecord\\Connection->runOperationCallback()
#7 /app/vendor/directorytree/ldaprecord/src/Connection.php(404): LdapRecord\\Connection->retry()
#8 /app/vendor/directorytree/ldaprecord/src/Connection.php(314): LdapRecord\\Connection->tryAgainIfCausedByLostConnection()
#9 /app/vendor/directorytree/ldaprecord/src/Query/Builder.php(576): LdapRecord\\Connection->run()
#10 /app/vendor/directorytree/ldaprecord/src/Query/Builder.php(362): LdapRecord\\Query\\Builder->run()
#11 /app/vendor/directorytree/ldaprecord/src/Query/Builder.php(562): LdapRecord\\Query\\Builder->{closure:LdapRecord\\Query\\Builder::query():362}()
#12 /app/vendor/directorytree/ldaprecord/src/Query/Builder.php(364): LdapRecord\\Query\\Builder->getCachedResponse()
#13 /app/vendor/directorytree/ldaprecord/src/Query/Builder.php(201): LdapRecord\\Query\\Builder->query()
#14 /app/vendor/directorytree/ldaprecord/src/Query/Builder.php(218): LdapRecord\\Query\\Builder->{closure:LdapRecord\\Query\\Builder::get():201}()
#15 /app/vendor/directorytree/ldaprecord/src/Query/Builder.php(200): LdapRecord\\Query\\Builder->onceWithColumns()
#16 /app/vendor/directorytree/ldaprecord/src/Query/Builder.php(652): LdapRecord\\Query\\Builder->get()
#17 /app/vendor/directorytree/ldaprecord/src/Query/Model/Builder.php(104): LdapRecord\\Query\\Builder->first()
#18 /app/vendor/directorytree/ldaprecord/src/Query/Builder.php(665): LdapRecord\\Query\\Model\\Builder->first()
#19 /app/vendor/directorytree/ldaprecord/src/Query/Model/Builder.php(112): LdapRecord\\Query\\Builder->firstOrFail()
#20 /app/app/Classes/LDAP/Server.php(254): LdapRecord\\Query\\Model\\Builder->firstOrFail()
#21 /app/app/Classes/LDAP/Server.php(42): App\\Classes\\LDAP\\Server::rootDSE()
#22 /app/app/Http/Middleware/SwapinAuthUser.php(47): App\\Classes\\LDAP\\Server->__construct()
#23 /app/vendor/laravel/framework/src/Illuminate/Pipeline/Pipeline.php(208): App\\Http\\Middleware\\SwapinAuthUser->handle()
#24 /app/app/Http/Middleware/AllowAnonymous.php(26): Illuminate\\Pipeline\\Pipeline->{closure:{closure:Illuminate\\Pipeline\\Pipeline::carry():183}:184}()
#25 /app/vendor/laravel/framework/src/Illuminate/Pipeline/Pipeline.php(208): App\\Http\\Middleware\\AllowAnonymous->handle()
#26 /app/app/Http/Middleware/AcceptLanguage.php(23): Illuminate\\Pipeline\\Pipeline->{closure:{closure:Illuminate\\Pipeline\\Pipeline::carry():183}:184}()
#27 /app/vendor/laravel/framework/src/Illuminate/Pipeline/Pipeline.php(208): App\\Http\\Middleware\\AcceptLanguage->handle()
#28 /app/vendor/laravel/framework/src/Illuminate/Routing/Middleware/SubstituteBindings.php(50): Illuminate\\Pipeline\\Pipeline->{closure:{closure:Illuminate\\Pipeline\\Pipeline::carry():183}:184}()
#29 /app/vendor/laravel/framework/src/Illuminate/Pipeline/Pipeline.php(208): Illuminate\\Routing\\Middleware\\SubstituteBindings->handle()
#30 /app/vendor/laravel/framework/src/Illuminate/Foundation/Http/Middleware/VerifyCsrfToken.php(87): Illuminate\\Pipeline\\Pipeline->{closure:{closure:Illuminate\\Pipeline\\Pipeline::carry():183}:184}()
#31 /app/vendor/laravel/framework/src/Illuminate/Pipeline/Pipeline.php(208): Illuminate\\Foundation\\Http\\Middleware\\VerifyCsrfToken->handle()
#32 /app/vendor/laravel/framework/src/Illuminate/View/Middleware/ShareErrorsFromSession.php(48): Illuminate\\Pipeline\\Pipeline->{closure:{closure:Illuminate\\Pipeline\\Pipeline::carry():183}:184}()
#33 /app/vendor/laravel/framework/src/Illuminate/Pipeline/Pipeline.php(208): Illuminate\\View\\Middleware\\ShareErrorsFromSession->handle()
#34 /app/vendor/laravel/framework/src/Illuminate/Session/Middleware/StartSession.php(120): Illuminate\\Pipeline\\Pipeline->{closure:{closure:Illuminate\\Pipeline\\Pipeline::carry():183}:184}()
#35 /app/vendor/laravel/framework/src/Illuminate/Session/Middleware/StartSession.php(63): Illuminate\\Session\\Middleware\\StartSession->handleStatefulRequest()
#36 /app/vendor/laravel/framework/src/Illuminate/Pipeline/Pipeline.php(208): Illuminate\\Session\\Middleware\\StartSession->handle()
#37 /app/vendor/laravel/framework/src/Illuminate/Cookie/Middleware/AddQueuedCookiesToResponse.php(36): Illuminate\\Pipeline\\Pipeline->{closure:{closure:Illuminate\\Pipeline\\Pipeline::carry():183}:184}()
#38 /app/vendor/laravel/framework/src/Illuminate/Pipeline/Pipeline.php(208): Illuminate\\Cookie\\Middleware\\AddQueuedCookiesToResponse->handle()
#39 /app/vendor/laravel/framework/src/Illuminate/Cookie/Middleware/EncryptCookies.php(74): Illuminate\\Pipeline\\Pipeline->{closure:{closure:Illuminate\\Pipeline\\Pipeline::carry():183}:184}()
#40 /app/vendor/laravel/framework/src/Illuminate/Pipeline/Pipeline.php(208): Illuminate\\Cookie\\Middleware\\EncryptCookies->handle()
#41 /app/vendor/laravel/framework/src/Illuminate/Pipeline/Pipeline.php(126): Illuminate\\Pipeline\\Pipeline->{closure:{closure:Illuminate\\Pipeline\\Pipeline::carry():183}:184}()
#42 /app/vendor/laravel/framework/src/Illuminate/Routing/Router.php(807): Illuminate\\Pipeline\\Pipeline->then()
#43 /app/vendor/laravel/framework/src/Illuminate/Routing/Router.php(786): Illuminate\\Routing\\Router->runRouteWithinStack()
#44 /app/vendor/laravel/framework/src/Illuminate/Routing/Router.php(750): Illuminate\\Routing\\Router->runRoute()
#45 /app/vendor/laravel/framework/src/Illuminate/Routing/Router.php(739): Illuminate\\Routing\\Router->dispatchToRoute()
#46 /app/vendor/laravel/framework/src/Illuminate/Foundation/Http/Kernel.php(200): Illuminate\\Routing\\Router->dispatch()
#47 /app/vendor/laravel/framework/src/Illuminate/Pipeline/Pipeline.php(169): Illuminate\\Foundation\\Http\\Kernel->{closure:Illuminate\\Foundation\\Http\\Kernel::dispatchToRouter():197}()
#48 /app/vendor/laravel/framework/src/Illuminate/Foundation/Http/Middleware/TransformsRequest.php(21): Illuminate\\Pipeline\\Pipeline->{closure:Illuminate\\Pipeline\\Pipeline::prepareDestination():167}()
#49 /app/vendor/laravel/framework/src/Illuminate/Foundation/Http/Middleware/ConvertEmptyStringsToNull.php(31): Illuminate\\Foundation\\Http\\Middleware\\TransformsRequest->handle()
#50 /app/vendor/laravel/framework/src/Illuminate/Pipeline/Pipeline.php(208): Illuminate\\Foundation\\Http\\Middleware\\ConvertEmptyStringsToNull->handle()
#51 /app/vendor/laravel/framework/src/Illuminate/Foundation/Http/Middleware/TransformsRequest.php(21): Illuminate\\Pipeline\\Pipeline->{closure:{closure:Illuminate\\Pipeline\\Pipeline::carry():183}:184}()
#52 /app/vendor/laravel/framework/src/Illuminate/Foundation/Http/Middleware/TrimStrings.php(51): Illuminate\\Foundation\\Http\\Middleware\\TransformsRequest->handle()
#53 /app/vendor/laravel/framework/src/Illuminate/Pipeline/Pipeline.php(208): Illuminate\\Foundation\\Http\\Middleware\\TrimStrings->handle()
#54 /app/vendor/laravel/framework/src/Illuminate/Http/Middleware/ValidatePostSize.php(27): Illuminate\\Pipeline\\Pipeline->{closure:{closure:Illuminate\\Pipeline\\Pipeline::carry():183}:184}()
#55 /app/vendor/laravel/framework/src/Illuminate/Pipeline/Pipeline.php(208): Illuminate\\Http\\Middleware\\ValidatePostSize->handle()
#56 /app/vendor/laravel/framework/src/Illuminate/Foundation/Http/Middleware/PreventRequestsDuringMaintenance.php(109): Illuminate\\Pipeline\\Pipeline->{closure:{closure:Illuminate\\Pipeline\\Pipeline::carry():183}:184}()
#57 /app/vendor/laravel/framework/src/Illuminate/Pipeline/Pipeline.php(208): Illuminate\\Foundation\\Http\\Middleware\\PreventRequestsDuringMaintenance->handle()
#58 /app/vendor/laravel/framework/src/Illuminate/Http/Middleware/HandleCors.php(48): Illuminate\\Pipeline\\Pipeline->{closure:{closure:Illuminate\\Pipeline\\Pipeline::carry():183}:184}()
#59 /app/vendor/laravel/framework/src/Illuminate/Pipeline/Pipeline.php(208): Illuminate\\Http\\Middleware\\HandleCors->handle()
#60 /app/vendor/laravel/framework/src/Illuminate/Http/Middleware/TrustProxies.php(58): Illuminate\\Pipeline\\Pipeline->{closure:{closure:Illuminate\\Pipeline\\Pipeline::carry():183}:184}()
#61 /app/vendor/laravel/framework/src/Illuminate/Pipeline/Pipeline.php(208): Illuminate\\Http\\Middleware\\TrustProxies->handle()
#62 /app/vendor/laravel/framework/src/Illuminate/Foundation/Http/Middleware/InvokeDeferredCallbacks.php(22): Illuminate\\Pipeline\\Pipeline->{closure:{closure:Illuminate\\Pipeline\\Pipeline::carry():183}:184}()
#63 /app/vendor/laravel/framework/src/Illuminate/Pipeline/Pipeline.php(208): Illuminate\\Foundation\\Http\\Middleware\\InvokeDeferredCallbacks->handle()
#64 /app/vendor/laravel/framework/src/Illuminate/Http/Middleware/ValidatePathEncoding.php(26): Illuminate\\Pipeline\\Pipeline->{closure:{closure:Illuminate\\Pipeline\\Pipeline::carry():183}:184}()
#65 /app/vendor/laravel/framework/src/Illuminate/Pipeline/Pipeline.php(208): Illuminate\\Http\\Middleware\\ValidatePathEncoding->handle()
#66 /app/vendor/laravel/framework/src/Illuminate/Pipeline/Pipeline.php(126): Illuminate\\Pipeline\\Pipeline->{closure:{closure:Illuminate\\Pipeline\\Pipeline::carry():183}:184}()
#67 /app/vendor/laravel/framework/src/Illuminate/Foundation/Http/Kernel.php(175): Illuminate\\Pipeline\\Pipeline->then()
#68 /app/vendor/laravel/framework/src/Illuminate/Foundation/Http/Kernel.php(144): Illuminate\\Foundation\\Http\\Kernel->sendRequestThroughRouter()
#69 /app/vendor/laravel/framework/src/Illuminate/Foundation/Application.php(1219): Illuminate\\Foundation\\Http\\Kernel->handle()
#70 /app/public/index.php(17): Illuminate\\Foundation\\Application->handleRequest()
#71 {main}
"} 
[2025-07-13 13:39:22] production.ERROR: ldap_read(): Search: Can't contact LDAP server {"exception":"[object] (LdapRecord\\LdapRecordException(code: 2): ldap_read(): Search: Can't contact LDAP server at /app/vendor/directorytree/ldaprecord/src/LdapRecordException.php:19)
[stacktrace]
#0 /app/vendor/directorytree/ldaprecord/src/HandlesConnection.php(206): LdapRecord\\LdapRecordException::withDetailedError()
#1 /app/vendor/directorytree/ldaprecord/src/Ldap.php(236): LdapRecord\\Ldap->executeFailableOperation()
#2 /app/vendor/directorytree/ldaprecord/src/Query/Builder.php(587): LdapRecord\\Ldap->read()
#3 /app/vendor/directorytree/ldaprecord/src/Connection.php(354): LdapRecord\\Query\\Builder->{closure:LdapRecord\\Query\\Builder::run():576}()
#4 /app/vendor/directorytree/ldaprecord/src/Connection.php(422): LdapRecord\\Connection->runOperationCallback()
#5 /app/vendor/directorytree/ldaprecord/src/Connection.php(404): LdapRecord\\Connection->retry()
#6 /app/vendor/directorytree/ldaprecord/src/Connection.php(314): LdapRecord\\Connection->tryAgainIfCausedByLostConnection()
#7 /app/vendor/directorytree/ldaprecord/src/Query/Builder.php(576): LdapRecord\\Connection->run()
#8 /app/vendor/directorytree/ldaprecord/src/Query/Builder.php(362): LdapRecord\\Query\\Builder->run()
#9 /app/vendor/directorytree/ldaprecord/src/Query/Builder.php(562): LdapRecord\\Query\\Builder->{closure:LdapRecord\\Query\\Builder::query():362}()
#10 /app/vendor/directorytree/ldaprecord/src/Query/Builder.php(364): LdapRecord\\Query\\Builder->getCachedResponse()
#11 /app/vendor/directorytree/ldaprecord/src/Query/Builder.php(201): LdapRecord\\Query\\Builder->query()
#12 /app/vendor/directorytree/ldaprecord/src/Query/Builder.php(218): LdapRecord\\Query\\Builder->{closure:LdapRecord\\Query\\Builder::get():201}()
#13 /app/vendor/directorytree/ldaprecord/src/Query/Builder.php(200): LdapRecord\\Query\\Builder->onceWithColumns()
#14 /app/vendor/directorytree/ldaprecord/src/Query/Builder.php(652): LdapRecord\\Query\\Builder->get()
#15 /app/vendor/directorytree/ldaprecord/src/Query/Model/Builder.php(104): LdapRecord\\Query\\Builder->first()
#16 /app/vendor/directorytree/ldaprecord/src/Query/Builder.php(665): LdapRecord\\Query\\Model\\Builder->first()
#17 /app/vendor/directorytree/ldaprecord/src/Query/Model/Builder.php(112): LdapRecord\\Query\\Builder->firstOrFail()
#18 /app/app/Classes/LDAP/Server.php(254): LdapRecord\\Query\\Model\\Builder->firstOrFail()
#19 /app/app/Classes/LDAP/Server.php(42): App\\Classes\\LDAP\\Server::rootDSE()
#20 /app/app/Http/Middleware/SwapinAuthUser.php(47): App\\Classes\\LDAP\\Server->__construct()
#21 /app/vendor/laravel/framework/src/Illuminate/Pipeline/Pipeline.php(208): App\\Http\\Middleware\\SwapinAuthUser->handle()
#22 /app/app/Http/Middleware/AllowAnonymous.php(26): Illuminate\\Pipeline\\Pipeline->{closure:{closure:Illuminate\\Pipeline\\Pipeline::carry():183}:184}()
#23 /app/vendor/laravel/framework/src/Illuminate/Pipeline/Pipeline.php(208): App\\Http\\Middleware\\AllowAnonymous->handle()
#24 /app/app/Http/Middleware/AcceptLanguage.php(23): Illuminate\\Pipeline\\Pipeline->{closure:{closure:Illuminate\\Pipeline\\Pipeline::carry():183}:184}()
#25 /app/vendor/laravel/framework/src/Illuminate/Pipeline/Pipeline.php(208): App\\Http\\Middleware\\AcceptLanguage->handle()
#26 /app/vendor/laravel/framework/src/Illuminate/Routing/Middleware/SubstituteBindings.php(50): Illuminate\\Pipeline\\Pipeline->{closure:{closure:Illuminate\\Pipeline\\Pipeline::carry():183}:184}()
#27 /app/vendor/laravel/framework/src/Illuminate/Pipeline/Pipeline.php(208): Illuminate\\Routing\\Middleware\\SubstituteBindings->handle()
#28 /app/vendor/laravel/framework/src/Illuminate/Foundation/Http/Middleware/VerifyCsrfToken.php(87): Illuminate\\Pipeline\\Pipeline->{closure:{closure:Illuminate\\Pipeline\\Pipeline::carry():183}:184}()
#29 /app/vendor/laravel/framework/src/Illuminate/Pipeline/Pipeline.php(208): Illuminate\\Foundation\\Http\\Middleware\\VerifyCsrfToken->handle()
#30 /app/vendor/laravel/framework/src/Illuminate/View/Middleware/ShareErrorsFromSession.php(48): Illuminate\\Pipeline\\Pipeline->{closure:{closure:Illuminate\\Pipeline\\Pipeline::carry():183}:184}()
#31 /app/vendor/laravel/framework/src/Illuminate/Pipeline/Pipeline.php(208): Illuminate\\View\\Middleware\\ShareErrorsFromSession->handle()
#32 /app/vendor/laravel/framework/src/Illuminate/Session/Middleware/StartSession.php(120): Illuminate\\Pipeline\\Pipeline->{closure:{closure:Illuminate\\Pipeline\\Pipeline::carry():183}:184}()
#33 /app/vendor/laravel/framework/src/Illuminate/Session/Middleware/StartSession.php(63): Illuminate\\Session\\Middleware\\StartSession->handleStatefulRequest()
#34 /app/vendor/laravel/framework/src/Illuminate/Pipeline/Pipeline.php(208): Illuminate\\Session\\Middleware\\StartSession->handle()
#35 /app/vendor/laravel/framework/src/Illuminate/Cookie/Middleware/AddQueuedCookiesToResponse.php(36): Illuminate\\Pipeline\\Pipeline->{closure:{closure:Illuminate\\Pipeline\\Pipeline::carry():183}:184}()
#36 /app/vendor/laravel/framework/src/Illuminate/Pipeline/Pipeline.php(208): Illuminate\\Cookie\\Middleware\\AddQueuedCookiesToResponse->handle()
#37 /app/vendor/laravel/framework/src/Illuminate/Cookie/Middleware/EncryptCookies.php(74): Illuminate\\Pipeline\\Pipeline->{closure:{closure:Illuminate\\Pipeline\\Pipeline::carry():183}:184}()
#38 /app/vendor/laravel/framework/src/Illuminate/Pipeline/Pipeline.php(208): Illuminate\\Cookie\\Middleware\\EncryptCookies->handle()
#39 /app/vendor/laravel/framework/src/Illuminate/Pipeline/Pipeline.php(126): Illuminate\\Pipeline\\Pipeline->{closure:{closure:Illuminate\\Pipeline\\Pipeline::carry():183}:184}()
#40 /app/vendor/laravel/framework/src/Illuminate/Routing/Router.php(807): Illuminate\\Pipeline\\Pipeline->then()
#41 /app/vendor/laravel/framework/src/Illuminate/Routing/Router.php(786): Illuminate\\Routing\\Router->runRouteWithinStack()
#42 /app/vendor/laravel/framework/src/Illuminate/Routing/Router.php(750): Illuminate\\Routing\\Router->runRoute()
#43 /app/vendor/laravel/framework/src/Illuminate/Routing/Router.php(739): Illuminate\\Routing\\Router->dispatchToRoute()
#44 /app/vendor/laravel/framework/src/Illuminate/Foundation/Http/Kernel.php(200): Illuminate\\Routing\\Router->dispatch()
#45 /app/vendor/laravel/framework/src/Illuminate/Pipeline/Pipeline.php(169): Illuminate\\Foundation\\Http\\Kernel->{closure:Illuminate\\Foundation\\Http\\Kernel::dispatchToRouter():197}()
#46 /app/vendor/laravel/framework/src/Illuminate/Foundation/Http/Middleware/TransformsRequest.php(21): Illuminate\\Pipeline\\Pipeline->{closure:Illuminate\\Pipeline\\Pipeline::prepareDestination():167}()
#47 /app/vendor/laravel/framework/src/Illuminate/Foundation/Http/Middleware/ConvertEmptyStringsToNull.php(31): Illuminate\\Foundation\\Http\\Middleware\\TransformsRequest->handle()
#48 /app/vendor/laravel/framework/src/Illuminate/Pipeline/Pipeline.php(208): Illuminate\\Foundation\\Http\\Middleware\\ConvertEmptyStringsToNull->handle()
#49 /app/vendor/laravel/framework/src/Illuminate/Foundation/Http/Middleware/TransformsRequest.php(21): Illuminate\\Pipeline\\Pipeline->{closure:{closure:Illuminate\\Pipeline\\Pipeline::carry():183}:184}()
#50 /app/vendor/laravel/framework/src/Illuminate/Foundation/Http/Middleware/TrimStrings.php(51): Illuminate\\Foundation\\Http\\Middleware\\TransformsRequest->handle()
#51 /app/vendor/laravel/framework/src/Illuminate/Pipeline/Pipeline.php(208): Illuminate\\Foundation\\Http\\Middleware\\TrimStrings->handle()
#52 /app/vendor/laravel/framework/src/Illuminate/Http/Middleware/ValidatePostSize.php(27): Illuminate\\Pipeline\\Pipeline->{closure:{closure:Illuminate\\Pipeline\\Pipeline::carry():183}:184}()
#53 /app/vendor/laravel/framework/src/Illuminate/Pipeline/Pipeline.php(208): Illuminate\\Http\\Middleware\\ValidatePostSize->handle()
#54 /app/vendor/laravel/framework/src/Illuminate/Foundation/Http/Middleware/PreventRequestsDuringMaintenance.php(109): Illuminate\\Pipeline\\Pipeline->{closure:{closure:Illuminate\\Pipeline\\Pipeline::carry():183}:184}()
#55 /app/vendor/laravel/framework/src/Illuminate/Pipeline/Pipeline.php(208): Illuminate\\Foundation\\Http\\Middleware\\PreventRequestsDuringMaintenance->handle()
#56 /app/vendor/laravel/framework/src/Illuminate/Http/Middleware/HandleCors.php(48): Illuminate\\Pipeline\\Pipeline->{closure:{closure:Illuminate\\Pipeline\\Pipeline::carry():183}:184}()
#57 /app/vendor/laravel/framework/src/Illuminate/Pipeline/Pipeline.php(208): Illuminate\\Http\\Middleware\\HandleCors->handle()
#58 /app/vendor/laravel/framework/src/Illuminate/Http/Middleware/TrustProxies.php(58): Illuminate\\Pipeline\\Pipeline->{closure:{closure:Illuminate\\Pipeline\\Pipeline::carry():183}:184}()
#59 /app/vendor/laravel/framework/src/Illuminate/Pipeline/Pipeline.php(208): Illuminate\\Http\\Middleware\\TrustProxies->handle()
#60 /app/vendor/laravel/framework/src/Illuminate/Foundation/Http/Middleware/InvokeDeferredCallbacks.php(22): Illuminate\\Pipeline\\Pipeline->{closure:{closure:Illuminate\\Pipeline\\Pipeline::carry():183}:184}()
#61 /app/vendor/laravel/framework/src/Illuminate/Pipeline/Pipeline.php(208): Illuminate\\Foundation\\Http\\Middleware\\InvokeDeferredCallbacks->handle()
#62 /app/vendor/laravel/framework/src/Illuminate/Http/Middleware/ValidatePathEncoding.php(26): Illuminate\\Pipeline\\Pipeline->{closure:{closure:Illuminate\\Pipeline\\Pipeline::carry():183}:184}()
#63 /app/vendor/laravel/framework/src/Illuminate/Pipeline/Pipeline.php(208): Illuminate\\Http\\Middleware\\ValidatePathEncoding->handle()
#64 /app/vendor/laravel/framework/src/Illuminate/Pipeline/Pipeline.php(126): Illuminate\\Pipeline\\Pipeline->{closure:{closure:Illuminate\\Pipeline\\Pipeline::carry():183}:184}()
#65 /app/vendor/laravel/framework/src/Illuminate/Foundation/Http/Kernel.php(175): Illuminate\\Pipeline\\Pipeline->then()
#66 /app/vendor/laravel/framework/src/Illuminate/Foundation/Http/Kernel.php(144): Illuminate\\Foundation\\Http\\Kernel->sendRequestThroughRouter()
#67 /app/vendor/laravel/framework/src/Illuminate/Foundation/Application.php(1219): Illuminate\\Foundation\\Http\\Kernel->handle()
#68 /app/public/index.php(17): Illuminate\\Foundation\\Application->handleRequest()
#69 {main}

[previous exception] [object] (ErrorException(code: 2): ldap_read(): Search: Can't contact LDAP server at /app/vendor/directorytree/ldaprecord/src/Ldap.php:246)
[stacktrace]
#0 [internal function]: LdapRecord\\Ldap->{closure:LdapRecord\\HandlesConnection::executeFailableOperation():184}()
#1 /app/vendor/directorytree/ldaprecord/src/Ldap.php(246): ldap_read()
#2 /app/vendor/directorytree/ldaprecord/src/HandlesConnection.php(193): LdapRecord\\Ldap->{closure:LdapRecord\\Ldap::read():236}()
#3 /app/vendor/directorytree/ldaprecord/src/Ldap.php(236): LdapRecord\\Ldap->executeFailableOperation()
#4 /app/vendor/directorytree/ldaprecord/src/Query/Builder.php(587): LdapRecord\\Ldap->read()
#5 /app/vendor/directorytree/ldaprecord/src/Connection.php(354): LdapRecord\\Query\\Builder->{closure:LdapRecord\\Query\\Builder::run():576}()
#6 /app/vendor/directorytree/ldaprecord/src/Connection.php(422): LdapRecord\\Connection->runOperationCallback()
#7 /app/vendor/directorytree/ldaprecord/src/Connection.php(404): LdapRecord\\Connection->retry()
#8 /app/vendor/directorytree/ldaprecord/src/Connection.php(314): LdapRecord\\Connection->tryAgainIfCausedByLostConnection()
#9 /app/vendor/directorytree/ldaprecord/src/Query/Builder.php(576): LdapRecord\\Connection->run()
#10 /app/vendor/directorytree/ldaprecord/src/Query/Builder.php(362): LdapRecord\\Query\\Builder->run()
#11 /app/vendor/directorytree/ldaprecord/src/Query/Builder.php(562): LdapRecord\\Query\\Builder->{closure:LdapRecord\\Query\\Builder::query():362}()
#12 /app/vendor/directorytree/ldaprecord/src/Query/Builder.php(364): LdapRecord\\Query\\Builder->getCachedResponse()
#13 /app/vendor/directorytree/ldaprecord/src/Query/Builder.php(201): LdapRecord\\Query\\Builder->query()
#14 /app/vendor/directorytree/ldaprecord/src/Query/Builder.php(218): LdapRecord\\Query\\Builder->{closure:LdapRecord\\Query\\Builder::get():201}()
#15 /app/vendor/directorytree/ldaprecord/src/Query/Builder.php(200): LdapRecord\\Query\\Builder->onceWithColumns()
#16 /app/vendor/directorytree/ldaprecord/src/Query/Builder.php(652): LdapRecord\\Query\\Builder->get()
#17 /app/vendor/directorytree/ldaprecord/src/Query/Model/Builder.php(104): LdapRecord\\Query\\Builder->first()
#18 /app/vendor/directorytree/ldaprecord/src/Query/Builder.php(665): LdapRecord\\Query\\Model\\Builder->first()
#19 /app/vendor/directorytree/ldaprecord/src/Query/Model/Builder.php(112): LdapRecord\\Query\\Builder->firstOrFail()
#20 /app/app/Classes/LDAP/Server.php(254): LdapRecord\\Query\\Model\\Builder->firstOrFail()
#21 /app/app/Classes/LDAP/Server.php(42): App\\Classes\\LDAP\\Server::rootDSE()
#22 /app/app/Http/Middleware/SwapinAuthUser.php(47): App\\Classes\\LDAP\\Server->__construct()
#23 /app/vendor/laravel/framework/src/Illuminate/Pipeline/Pipeline.php(208): App\\Http\\Middleware\\SwapinAuthUser->handle()
#24 /app/app/Http/Middleware/AllowAnonymous.php(26): Illuminate\\Pipeline\\Pipeline->{closure:{closure:Illuminate\\Pipeline\\Pipeline::carry():183}:184}()
#25 /app/vendor/laravel/framework/src/Illuminate/Pipeline/Pipeline.php(208): App\\Http\\Middleware\\AllowAnonymous->handle()
#26 /app/app/Http/Middleware/AcceptLanguage.php(23): Illuminate\\Pipeline\\Pipeline->{closure:{closure:Illuminate\\Pipeline\\Pipeline::carry():183}:184}()
#27 /app/vendor/laravel/framework/src/Illuminate/Pipeline/Pipeline.php(208): App\\Http\\Middleware\\AcceptLanguage->handle()
#28 /app/vendor/laravel/framework/src/Illuminate/Routing/Middleware/SubstituteBindings.php(50): Illuminate\\Pipeline\\Pipeline->{closure:{closure:Illuminate\\Pipeline\\Pipeline::carry():183}:184}()
#29 /app/vendor/laravel/framework/src/Illuminate/Pipeline/Pipeline.php(208): Illuminate\\Routing\\Middleware\\SubstituteBindings->handle()
#30 /app/vendor/laravel/framework/src/Illuminate/Foundation/Http/Middleware/VerifyCsrfToken.php(87): Illuminate\\Pipeline\\Pipeline->{closure:{closure:Illuminate\\Pipeline\\Pipeline::carry():183}:184}()
#31 /app/vendor/laravel/framework/src/Illuminate/Pipeline/Pipeline.php(208): Illuminate\\Foundation\\Http\\Middleware\\VerifyCsrfToken->handle()
#32 /app/vendor/laravel/framework/src/Illuminate/View/Middleware/ShareErrorsFromSession.php(48): Illuminate\\Pipeline\\Pipeline->{closure:{closure:Illuminate\\Pipeline\\Pipeline::carry():183}:184}()
#33 /app/vendor/laravel/framework/src/Illuminate/Pipeline/Pipeline.php(208): Illuminate\\View\\Middleware\\ShareErrorsFromSession->handle()
#34 /app/vendor/laravel/framework/src/Illuminate/Session/Middleware/StartSession.php(120): Illuminate\\Pipeline\\Pipeline->{closure:{closure:Illuminate\\Pipeline\\Pipeline::carry():183}:184}()
#35 /app/vendor/laravel/framework/src/Illuminate/Session/Middleware/StartSession.php(63): Illuminate\\Session\\Middleware\\StartSession->handleStatefulRequest()
#36 /app/vendor/laravel/framework/src/Illuminate/Pipeline/Pipeline.php(208): Illuminate\\Session\\Middleware\\StartSession->handle()
#37 /app/vendor/laravel/framework/src/Illuminate/Cookie/Middleware/AddQueuedCookiesToResponse.php(36): Illuminate\\Pipeline\\Pipeline->{closure:{closure:Illuminate\\Pipeline\\Pipeline::carry():183}:184}()
#38 /app/vendor/laravel/framework/src/Illuminate/Pipeline/Pipeline.php(208): Illuminate\\Cookie\\Middleware\\AddQueuedCookiesToResponse->handle()
#39 /app/vendor/laravel/framework/src/Illuminate/Cookie/Middleware/EncryptCookies.php(74): Illuminate\\Pipeline\\Pipeline->{closure:{closure:Illuminate\\Pipeline\\Pipeline::carry():183}:184}()
#40 /app/vendor/laravel/framework/src/Illuminate/Pipeline/Pipeline.php(208): Illuminate\\Cookie\\Middleware\\EncryptCookies->handle()
#41 /app/vendor/laravel/framework/src/Illuminate/Pipeline/Pipeline.php(126): Illuminate\\Pipeline\\Pipeline->{closure:{closure:Illuminate\\Pipeline\\Pipeline::carry():183}:184}()
#42 /app/vendor/laravel/framework/src/Illuminate/Routing/Router.php(807): Illuminate\\Pipeline\\Pipeline->then()
#43 /app/vendor/laravel/framework/src/Illuminate/Routing/Router.php(786): Illuminate\\Routing\\Router->runRouteWithinStack()
#44 /app/vendor/laravel/framework/src/Illuminate/Routing/Router.php(750): Illuminate\\Routing\\Router->runRoute()
#45 /app/vendor/laravel/framework/src/Illuminate/Routing/Router.php(739): Illuminate\\Routing\\Router->dispatchToRoute()
#46 /app/vendor/laravel/framework/src/Illuminate/Foundation/Http/Kernel.php(200): Illuminate\\Routing\\Router->dispatch()
#47 /app/vendor/laravel/framework/src/Illuminate/Pipeline/Pipeline.php(169): Illuminate\\Foundation\\Http\\Kernel->{closure:Illuminate\\Foundation\\Http\\Kernel::dispatchToRouter():197}()
#48 /app/vendor/laravel/framework/src/Illuminate/Foundation/Http/Middleware/TransformsRequest.php(21): Illuminate\\Pipeline\\Pipeline->{closure:Illuminate\\Pipeline\\Pipeline::prepareDestination():167}()
#49 /app/vendor/laravel/framework/src/Illuminate/Foundation/Http/Middleware/ConvertEmptyStringsToNull.php(31): Illuminate\\Foundation\\Http\\Middleware\\TransformsRequest->handle()
#50 /app/vendor/laravel/framework/src/Illuminate/Pipeline/Pipeline.php(208): Illuminate\\Foundation\\Http\\Middleware\\ConvertEmptyStringsToNull->handle()
#51 /app/vendor/laravel/framework/src/Illuminate/Foundation/Http/Middleware/TransformsRequest.php(21): Illuminate\\Pipeline\\Pipeline->{closure:{closure:Illuminate\\Pipeline\\Pipeline::carry():183}:184}()
#52 /app/vendor/laravel/framework/src/Illuminate/Foundation/Http/Middleware/TrimStrings.php(51): Illuminate\\Foundation\\Http\\Middleware\\TransformsRequest->handle()
#53 /app/vendor/laravel/framework/src/Illuminate/Pipeline/Pipeline.php(208): Illuminate\\Foundation\\Http\\Middleware\\TrimStrings->handle()
#54 /app/vendor/laravel/framework/src/Illuminate/Http/Middleware/ValidatePostSize.php(27): Illuminate\\Pipeline\\Pipeline->{closure:{closure:Illuminate\\Pipeline\\Pipeline::carry():183}:184}()
#55 /app/vendor/laravel/framework/src/Illuminate/Pipeline/Pipeline.php(208): Illuminate\\Http\\Middleware\\ValidatePostSize->handle()
#56 /app/vendor/laravel/framework/src/Illuminate/Foundation/Http/Middleware/PreventRequestsDuringMaintenance.php(109): Illuminate\\Pipeline\\Pipeline->{closure:{closure:Illuminate\\Pipeline\\Pipeline::carry():183}:184}()
#57 /app/vendor/laravel/framework/src/Illuminate/Pipeline/Pipeline.php(208): Illuminate\\Foundation\\Http\\Middleware\\PreventRequestsDuringMaintenance->handle()
#58 /app/vendor/laravel/framework/src/Illuminate/Http/Middleware/HandleCors.php(48): Illuminate\\Pipeline\\Pipeline->{closure:{closure:Illuminate\\Pipeline\\Pipeline::carry():183}:184}()
#59 /app/vendor/laravel/framework/src/Illuminate/Pipeline/Pipeline.php(208): Illuminate\\Http\\Middleware\\HandleCors->handle()
#60 /app/vendor/laravel/framework/src/Illuminate/Http/Middleware/TrustProxies.php(58): Illuminate\\Pipeline\\Pipeline->{closure:{closure:Illuminate\\Pipeline\\Pipeline::carry():183}:184}()
#61 /app/vendor/laravel/framework/src/Illuminate/Pipeline/Pipeline.php(208): Illuminate\\Http\\Middleware\\TrustProxies->handle()
#62 /app/vendor/laravel/framework/src/Illuminate/Foundation/Http/Middleware/InvokeDeferredCallbacks.php(22): Illuminate\\Pipeline\\Pipeline->{closure:{closure:Illuminate\\Pipeline\\Pipeline::carry():183}:184}()
#63 /app/vendor/laravel/framework/src/Illuminate/Pipeline/Pipeline.php(208): Illuminate\\Foundation\\Http\\Middleware\\InvokeDeferredCallbacks->handle()
#64 /app/vendor/laravel/framework/src/Illuminate/Http/Middleware/ValidatePathEncoding.php(26): Illuminate\\Pipeline\\Pipeline->{closure:{closure:Illuminate\\Pipeline\\Pipeline::carry():183}:184}()
#65 /app/vendor/laravel/framework/src/Illuminate/Pipeline/Pipeline.php(208): Illuminate\\Http\\Middleware\\ValidatePathEncoding->handle()
#66 /app/vendor/laravel/framework/src/Illuminate/Pipeline/Pipeline.php(126): Illuminate\\Pipeline\\Pipeline->{closure:{closure:Illuminate\\Pipeline\\Pipeline::carry():183}:184}()
#67 /app/vendor/laravel/framework/src/Illuminate/Foundation/Http/Kernel.php(175): Illuminate\\Pipeline\\Pipeline->then()
#68 /app/vendor/laravel/framework/src/Illuminate/Foundation/Http/Kernel.php(144): Illuminate\\Foundation\\Http\\Kernel->sendRequestThroughRouter()
#69 /app/vendor/laravel/framework/src/Illuminate/Foundation/Application.php(1219): Illuminate\\Foundation\\Http\\Kernel->handle()
#70 /app/public/index.php(17): Illuminate\\Foundation\\Application->handleRequest()
#71 {main}
"} 
[2025-07-13 13:39:24] production.ERROR: ldap_read(): Search: Can't contact LDAP server {"exception":"[object] (LdapRecord\\LdapRecordException(code: 2): ldap_read(): Search: Can't contact LDAP server at /app/vendor/directorytree/ldaprecord/src/LdapRecordException.php:19)
[stacktrace]
#0 /app/vendor/directorytree/ldaprecord/src/HandlesConnection.php(206): LdapRecord\\LdapRecordException::withDetailedError()
#1 /app/vendor/directorytree/ldaprecord/src/Ldap.php(236): LdapRecord\\Ldap->executeFailableOperation()
#2 /app/vendor/directorytree/ldaprecord/src/Query/Builder.php(587): LdapRecord\\Ldap->read()
#3 /app/vendor/directorytree/ldaprecord/src/Connection.php(354): LdapRecord\\Query\\Builder->{closure:LdapRecord\\Query\\Builder::run():576}()
#4 /app/vendor/directorytree/ldaprecord/src/Connection.php(422): LdapRecord\\Connection->runOperationCallback()
#5 /app/vendor/directorytree/ldaprecord/src/Connection.php(404): LdapRecord\\Connection->retry()
#6 /app/vendor/directorytree/ldaprecord/src/Connection.php(314): LdapRecord\\Connection->tryAgainIfCausedByLostConnection()
#7 /app/vendor/directorytree/ldaprecord/src/Query/Builder.php(576): LdapRecord\\Connection->run()
#8 /app/vendor/directorytree/ldaprecord/src/Query/Builder.php(362): LdapRecord\\Query\\Builder->run()
#9 /app/vendor/directorytree/ldaprecord/src/Query/Builder.php(562): LdapRecord\\Query\\Builder->{closure:LdapRecord\\Query\\Builder::query():362}()
#10 /app/vendor/directorytree/ldaprecord/src/Query/Builder.php(364): LdapRecord\\Query\\Builder->getCachedResponse()
#11 /app/vendor/directorytree/ldaprecord/src/Query/Builder.php(201): LdapRecord\\Query\\Builder->query()
#12 /app/vendor/directorytree/ldaprecord/src/Query/Builder.php(218): LdapRecord\\Query\\Builder->{closure:LdapRecord\\Query\\Builder::get():201}()
#13 /app/vendor/directorytree/ldaprecord/src/Query/Builder.php(200): LdapRecord\\Query\\Builder->onceWithColumns()
#14 /app/vendor/directorytree/ldaprecord/src/Query/Builder.php(652): LdapRecord\\Query\\Builder->get()
#15 /app/vendor/directorytree/ldaprecord/src/Query/Model/Builder.php(104): LdapRecord\\Query\\Builder->first()
#16 /app/vendor/directorytree/ldaprecord/src/Query/Builder.php(665): LdapRecord\\Query\\Model\\Builder->first()
#17 /app/vendor/directorytree/ldaprecord/src/Query/Model/Builder.php(112): LdapRecord\\Query\\Builder->firstOrFail()
#18 /app/app/Classes/LDAP/Server.php(254): LdapRecord\\Query\\Model\\Builder->firstOrFail()
#19 /app/app/Classes/LDAP/Server.php(42): App\\Classes\\LDAP\\Server::rootDSE()
#20 /app/app/Http/Middleware/SwapinAuthUser.php(47): App\\Classes\\LDAP\\Server->__construct()
#21 /app/vendor/laravel/framework/src/Illuminate/Pipeline/Pipeline.php(208): App\\Http\\Middleware\\SwapinAuthUser->handle()
#22 /app/app/Http/Middleware/AllowAnonymous.php(26): Illuminate\\Pipeline\\Pipeline->{closure:{closure:Illuminate\\Pipeline\\Pipeline::carry():183}:184}()
#23 /app/vendor/laravel/framework/src/Illuminate/Pipeline/Pipeline.php(208): App\\Http\\Middleware\\AllowAnonymous->handle()
#24 /app/app/Http/Middleware/AcceptLanguage.php(23): Illuminate\\Pipeline\\Pipeline->{closure:{closure:Illuminate\\Pipeline\\Pipeline::carry():183}:184}()
#25 /app/vendor/laravel/framework/src/Illuminate/Pipeline/Pipeline.php(208): App\\Http\\Middleware\\AcceptLanguage->handle()
#26 /app/vendor/laravel/framework/src/Illuminate/Routing/Middleware/SubstituteBindings.php(50): Illuminate\\Pipeline\\Pipeline->{closure:{closure:Illuminate\\Pipeline\\Pipeline::carry():183}:184}()
#27 /app/vendor/laravel/framework/src/Illuminate/Pipeline/Pipeline.php(208): Illuminate\\Routing\\Middleware\\SubstituteBindings->handle()
#28 /app/vendor/laravel/framework/src/Illuminate/Foundation/Http/Middleware/VerifyCsrfToken.php(87): Illuminate\\Pipeline\\Pipeline->{closure:{closure:Illuminate\\Pipeline\\Pipeline::carry():183}:184}()
#29 /app/vendor/laravel/framework/src/Illuminate/Pipeline/Pipeline.php(208): Illuminate\\Foundation\\Http\\Middleware\\VerifyCsrfToken->handle()
#30 /app/vendor/laravel/framework/src/Illuminate/View/Middleware/ShareErrorsFromSession.php(48): Illuminate\\Pipeline\\Pipeline->{closure:{closure:Illuminate\\Pipeline\\Pipeline::carry():183}:184}()
#31 /app/vendor/laravel/framework/src/Illuminate/Pipeline/Pipeline.php(208): Illuminate\\View\\Middleware\\ShareErrorsFromSession->handle()
#32 /app/vendor/laravel/framework/src/Illuminate/Session/Middleware/StartSession.php(120): Illuminate\\Pipeline\\Pipeline->{closure:{closure:Illuminate\\Pipeline\\Pipeline::carry():183}:184}()
#33 /app/vendor/laravel/framework/src/Illuminate/Session/Middleware/StartSession.php(63): Illuminate\\Session\\Middleware\\StartSession->handleStatefulRequest()
#34 /app/vendor/laravel/framework/src/Illuminate/Pipeline/Pipeline.php(208): Illuminate\\Session\\Middleware\\StartSession->handle()
#35 /app/vendor/laravel/framework/src/Illuminate/Cookie/Middleware/AddQueuedCookiesToResponse.php(36): Illuminate\\Pipeline\\Pipeline->{closure:{closure:Illuminate\\Pipeline\\Pipeline::carry():183}:184}()
#36 /app/vendor/laravel/framework/src/Illuminate/Pipeline/Pipeline.php(208): Illuminate\\Cookie\\Middleware\\AddQueuedCookiesToResponse->handle()
#37 /app/vendor/laravel/framework/src/Illuminate/Cookie/Middleware/EncryptCookies.php(74): Illuminate\\Pipeline\\Pipeline->{closure:{closure:Illuminate\\Pipeline\\Pipeline::carry():183}:184}()
#38 /app/vendor/laravel/framework/src/Illuminate/Pipeline/Pipeline.php(208): Illuminate\\Cookie\\Middleware\\EncryptCookies->handle()
#39 /app/vendor/laravel/framework/src/Illuminate/Pipeline/Pipeline.php(126): Illuminate\\Pipeline\\Pipeline->{closure:{closure:Illuminate\\Pipeline\\Pipeline::carry():183}:184}()
#40 /app/vendor/laravel/framework/src/Illuminate/Routing/Router.php(807): Illuminate\\Pipeline\\Pipeline->then()
#41 /app/vendor/laravel/framework/src/Illuminate/Routing/Router.php(786): Illuminate\\Routing\\Router->runRouteWithinStack()
#42 /app/vendor/laravel/framework/src/Illuminate/Routing/Router.php(750): Illuminate\\Routing\\Router->runRoute()
#43 /app/vendor/laravel/framework/src/Illuminate/Routing/Router.php(739): Illuminate\\Routing\\Router->dispatchToRoute()
#44 /app/vendor/laravel/framework/src/Illuminate/Foundation/Http/Kernel.php(200): Illuminate\\Routing\\Router->dispatch()
#45 /app/vendor/laravel/framework/src/Illuminate/Pipeline/Pipeline.php(169): Illuminate\\Foundation\\Http\\Kernel->{closure:Illuminate\\Foundation\\Http\\Kernel::dispatchToRouter():197}()
#46 /app/vendor/laravel/framework/src/Illuminate/Foundation/Http/Middleware/TransformsRequest.php(21): Illuminate\\Pipeline\\Pipeline->{closure:Illuminate\\Pipeline\\Pipeline::prepareDestination():167}()
#47 /app/vendor/laravel/framework/src/Illuminate/Foundation/Http/Middleware/ConvertEmptyStringsToNull.php(31): Illuminate\\Foundation\\Http\\Middleware\\TransformsRequest->handle()
#48 /app/vendor/laravel/framework/src/Illuminate/Pipeline/Pipeline.php(208): Illuminate\\Foundation\\Http\\Middleware\\ConvertEmptyStringsToNull->handle()
#49 /app/vendor/laravel/framework/src/Illuminate/Foundation/Http/Middleware/TransformsRequest.php(21): Illuminate\\Pipeline\\Pipeline->{closure:{closure:Illuminate\\Pipeline\\Pipeline::carry():183}:184}()
#50 /app/vendor/laravel/framework/src/Illuminate/Foundation/Http/Middleware/TrimStrings.php(51): Illuminate\\Foundation\\Http\\Middleware\\TransformsRequest->handle()
#51 /app/vendor/laravel/framework/src/Illuminate/Pipeline/Pipeline.php(208): Illuminate\\Foundation\\Http\\Middleware\\TrimStrings->handle()
#52 /app/vendor/laravel/framework/src/Illuminate/Http/Middleware/ValidatePostSize.php(27): Illuminate\\Pipeline\\Pipeline->{closure:{closure:Illuminate\\Pipeline\\Pipeline::carry():183}:184}()
#53 /app/vendor/laravel/framework/src/Illuminate/Pipeline/Pipeline.php(208): Illuminate\\Http\\Middleware\\ValidatePostSize->handle()
#54 /app/vendor/laravel/framework/src/Illuminate/Foundation/Http/Middleware/PreventRequestsDuringMaintenance.php(109): Illuminate\\Pipeline\\Pipeline->{closure:{closure:Illuminate\\Pipeline\\Pipeline::carry():183}:184}()
#55 /app/vendor/laravel/framework/src/Illuminate/Pipeline/Pipeline.php(208): Illuminate\\Foundation\\Http\\Middleware\\PreventRequestsDuringMaintenance->handle()
#56 /app/vendor/laravel/framework/src/Illuminate/Http/Middleware/HandleCors.php(48): Illuminate\\Pipeline\\Pipeline->{closure:{closure:Illuminate\\Pipeline\\Pipeline::carry():183}:184}()
#57 /app/vendor/laravel/framework/src/Illuminate/Pipeline/Pipeline.php(208): Illuminate\\Http\\Middleware\\HandleCors->handle()
#58 /app/vendor/laravel/framework/src/Illuminate/Http/Middleware/TrustProxies.php(58): Illuminate\\Pipeline\\Pipeline->{closure:{closure:Illuminate\\Pipeline\\Pipeline::carry():183}:184}()
#59 /app/vendor/laravel/framework/src/Illuminate/Pipeline/Pipeline.php(208): Illuminate\\Http\\Middleware\\TrustProxies->handle()
#60 /app/vendor/laravel/framework/src/Illuminate/Foundation/Http/Middleware/InvokeDeferredCallbacks.php(22): Illuminate\\Pipeline\\Pipeline->{closure:{closure:Illuminate\\Pipeline\\Pipeline::carry():183}:184}()
#61 /app/vendor/laravel/framework/src/Illuminate/Pipeline/Pipeline.php(208): Illuminate\\Foundation\\Http\\Middleware\\InvokeDeferredCallbacks->handle()
#62 /app/vendor/laravel/framework/src/Illuminate/Http/Middleware/ValidatePathEncoding.php(26): Illuminate\\Pipeline\\Pipeline->{closure:{closure:Illuminate\\Pipeline\\Pipeline::carry():183}:184}()
#63 /app/vendor/laravel/framework/src/Illuminate/Pipeline/Pipeline.php(208): Illuminate\\Http\\Middleware\\ValidatePathEncoding->handle()
#64 /app/vendor/laravel/framework/src/Illuminate/Pipeline/Pipeline.php(126): Illuminate\\Pipeline\\Pipeline->{closure:{closure:Illuminate\\Pipeline\\Pipeline::carry():183}:184}()
#65 /app/vendor/laravel/framework/src/Illuminate/Foundation/Http/Kernel.php(175): Illuminate\\Pipeline\\Pipeline->then()
#66 /app/vendor/laravel/framework/src/Illuminate/Foundation/Http/Kernel.php(144): Illuminate\\Foundation\\Http\\Kernel->sendRequestThroughRouter()
#67 /app/vendor/laravel/framework/src/Illuminate/Foundation/Application.php(1219): Illuminate\\Foundation\\Http\\Kernel->handle()
#68 /app/public/index.php(17): Illuminate\\Foundation\\Application->handleRequest()
#69 {main}

[previous exception] [object] (ErrorException(code: 2): ldap_read(): Search: Can't contact LDAP server at /app/vendor/directorytree/ldaprecord/src/Ldap.php:246)
[stacktrace]
#0 [internal function]: LdapRecord\\Ldap->{closure:LdapRecord\\HandlesConnection::executeFailableOperation():184}()
#1 /app/vendor/directorytree/ldaprecord/src/Ldap.php(246): ldap_read()
#2 /app/vendor/directorytree/ldaprecord/src/HandlesConnection.php(193): LdapRecord\\Ldap->{closure:LdapRecord\\Ldap::read():236}()
#3 /app/vendor/directorytree/ldaprecord/src/Ldap.php(236): LdapRecord\\Ldap->executeFailableOperation()
#4 /app/vendor/directorytree/ldaprecord/src/Query/Builder.php(587): LdapRecord\\Ldap->read()
#5 /app/vendor/directorytree/ldaprecord/src/Connection.php(354): LdapRecord\\Query\\Builder->{closure:LdapRecord\\Query\\Builder::run():576}()
#6 /app/vendor/directorytree/ldaprecord/src/Connection.php(422): LdapRecord\\Connection->runOperationCallback()
#7 /app/vendor/directorytree/ldaprecord/src/Connection.php(404): LdapRecord\\Connection->retry()
#8 /app/vendor/directorytree/ldaprecord/src/Connection.php(314): LdapRecord\\Connection->tryAgainIfCausedByLostConnection()
#9 /app/vendor/directorytree/ldaprecord/src/Query/Builder.php(576): LdapRecord\\Connection->run()
#10 /app/vendor/directorytree/ldaprecord/src/Query/Builder.php(362): LdapRecord\\Query\\Builder->run()
#11 /app/vendor/directorytree/ldaprecord/src/Query/Builder.php(562): LdapRecord\\Query\\Builder->{closure:LdapRecord\\Query\\Builder::query():362}()
#12 /app/vendor/directorytree/ldaprecord/src/Query/Builder.php(364): LdapRecord\\Query\\Builder->getCachedResponse()
#13 /app/vendor/directorytree/ldaprecord/src/Query/Builder.php(201): LdapRecord\\Query\\Builder->query()
#14 /app/vendor/directorytree/ldaprecord/src/Query/Builder.php(218): LdapRecord\\Query\\Builder->{closure:LdapRecord\\Query\\Builder::get():201}()
#15 /app/vendor/directorytree/ldaprecord/src/Query/Builder.php(200): LdapRecord\\Query\\Builder->onceWithColumns()
#16 /app/vendor/directorytree/ldaprecord/src/Query/Builder.php(652): LdapRecord\\Query\\Builder->get()
#17 /app/vendor/directorytree/ldaprecord/src/Query/Model/Builder.php(104): LdapRecord\\Query\\Builder->first()
#18 /app/vendor/directorytree/ldaprecord/src/Query/Builder.php(665): LdapRecord\\Query\\Model\\Builder->first()
#19 /app/vendor/directorytree/ldaprecord/src/Query/Model/Builder.php(112): LdapRecord\\Query\\Builder->firstOrFail()
#20 /app/app/Classes/LDAP/Server.php(254): LdapRecord\\Query\\Model\\Builder->firstOrFail()
#21 /app/app/Classes/LDAP/Server.php(42): App\\Classes\\LDAP\\Server::rootDSE()
#22 /app/app/Http/Middleware/SwapinAuthUser.php(47): App\\Classes\\LDAP\\Server->__construct()
#23 /app/vendor/laravel/framework/src/Illuminate/Pipeline/Pipeline.php(208): App\\Http\\Middleware\\SwapinAuthUser->handle()
#24 /app/app/Http/Middleware/AllowAnonymous.php(26): Illuminate\\Pipeline\\Pipeline->{closure:{closure:Illuminate\\Pipeline\\Pipeline::carry():183}:184}()
#25 /app/vendor/laravel/framework/src/Illuminate/Pipeline/Pipeline.php(208): App\\Http\\Middleware\\AllowAnonymous->handle()
#26 /app/app/Http/Middleware/AcceptLanguage.php(23): Illuminate\\Pipeline\\Pipeline->{closure:{closure:Illuminate\\Pipeline\\Pipeline::carry():183}:184}()
#27 /app/vendor/laravel/framework/src/Illuminate/Pipeline/Pipeline.php(208): App\\Http\\Middleware\\AcceptLanguage->handle()
#28 /app/vendor/laravel/framework/src/Illuminate/Routing/Middleware/SubstituteBindings.php(50): Illuminate\\Pipeline\\Pipeline->{closure:{closure:Illuminate\\Pipeline\\Pipeline::carry():183}:184}()
#29 /app/vendor/laravel/framework/src/Illuminate/Pipeline/Pipeline.php(208): Illuminate\\Routing\\Middleware\\SubstituteBindings->handle()
#30 /app/vendor/laravel/framework/src/Illuminate/Foundation/Http/Middleware/VerifyCsrfToken.php(87): Illuminate\\Pipeline\\Pipeline->{closure:{closure:Illuminate\\Pipeline\\Pipeline::carry():183}:184}()
#31 /app/vendor/laravel/framework/src/Illuminate/Pipeline/Pipeline.php(208): Illuminate\\Foundation\\Http\\Middleware\\VerifyCsrfToken->handle()
#32 /app/vendor/laravel/framework/src/Illuminate/View/Middleware/ShareErrorsFromSession.php(48): Illuminate\\Pipeline\\Pipeline->{closure:{closure:Illuminate\\Pipeline\\Pipeline::carry():183}:184}()
#33 /app/vendor/laravel/framework/src/Illuminate/Pipeline/Pipeline.php(208): Illuminate\\View\\Middleware\\ShareErrorsFromSession->handle()
#34 /app/vendor/laravel/framework/src/Illuminate/Session/Middleware/StartSession.php(120): Illuminate\\Pipeline\\Pipeline->{closure:{closure:Illuminate\\Pipeline\\Pipeline::carry():183}:184}()
#35 /app/vendor/laravel/framework/src/Illuminate/Session/Middleware/StartSession.php(63): Illuminate\\Session\\Middleware\\StartSession->handleStatefulRequest()
#36 /app/vendor/laravel/framework/src/Illuminate/Pipeline/Pipeline.php(208): Illuminate\\Session\\Middleware\\StartSession->handle()
#37 /app/vendor/laravel/framework/src/Illuminate/Cookie/Middleware/AddQueuedCookiesToResponse.php(36): Illuminate\\Pipeline\\Pipeline->{closure:{closure:Illuminate\\Pipeline\\Pipeline::carry():183}:184}()
#38 /app/vendor/laravel/framework/src/Illuminate/Pipeline/Pipeline.php(208): Illuminate\\Cookie\\Middleware\\AddQueuedCookiesToResponse->handle()
#39 /app/vendor/laravel/framework/src/Illuminate/Cookie/Middleware/EncryptCookies.php(74): Illuminate\\Pipeline\\Pipeline->{closure:{closure:Illuminate\\Pipeline\\Pipeline::carry():183}:184}()
#40 /app/vendor/laravel/framework/src/Illuminate/Pipeline/Pipeline.php(208): Illuminate\\Cookie\\Middleware\\EncryptCookies->handle()
#41 /app/vendor/laravel/framework/src/Illuminate/Pipeline/Pipeline.php(126): Illuminate\\Pipeline\\Pipeline->{closure:{closure:Illuminate\\Pipeline\\Pipeline::carry():183}:184}()
#42 /app/vendor/laravel/framework/src/Illuminate/Routing/Router.php(807): Illuminate\\Pipeline\\Pipeline->then()
#43 /app/vendor/laravel/framework/src/Illuminate/Routing/Router.php(786): Illuminate\\Routing\\Router->runRouteWithinStack()
#44 /app/vendor/laravel/framework/src/Illuminate/Routing/Router.php(750): Illuminate\\Routing\\Router->runRoute()
#45 /app/vendor/laravel/framework/src/Illuminate/Routing/Router.php(739): Illuminate\\Routing\\Router->dispatchToRoute()
#46 /app/vendor/laravel/framework/src/Illuminate/Foundation/Http/Kernel.php(200): Illuminate\\Routing\\Router->dispatch()
#47 /app/vendor/laravel/framework/src/Illuminate/Pipeline/Pipeline.php(169): Illuminate\\Foundation\\Http\\Kernel->{closure:Illuminate\\Foundation\\Http\\Kernel::dispatchToRouter():197}()
#48 /app/vendor/laravel/framework/src/Illuminate/Foundation/Http/Middleware/TransformsRequest.php(21): Illuminate\\Pipeline\\Pipeline->{closure:Illuminate\\Pipeline\\Pipeline::prepareDestination():167}()
#49 /app/vendor/laravel/framework/src/Illuminate/Foundation/Http/Middleware/ConvertEmptyStringsToNull.php(31): Illuminate\\Foundation\\Http\\Middleware\\TransformsRequest->handle()
#50 /app/vendor/laravel/framework/src/Illuminate/Pipeline/Pipeline.php(208): Illuminate\\Foundation\\Http\\Middleware\\ConvertEmptyStringsToNull->handle()
#51 /app/vendor/laravel/framework/src/Illuminate/Foundation/Http/Middleware/TransformsRequest.php(21): Illuminate\\Pipeline\\Pipeline->{closure:{closure:Illuminate\\Pipeline\\Pipeline::carry():183}:184}()
#52 /app/vendor/laravel/framework/src/Illuminate/Foundation/Http/Middleware/TrimStrings.php(51): Illuminate\\Foundation\\Http\\Middleware\\TransformsRequest->handle()
#53 /app/vendor/laravel/framework/src/Illuminate/Pipeline/Pipeline.php(208): Illuminate\\Foundation\\Http\\Middleware\\TrimStrings->handle()
#54 /app/vendor/laravel/framework/src/Illuminate/Http/Middleware/ValidatePostSize.php(27): Illuminate\\Pipeline\\Pipeline->{closure:{closure:Illuminate\\Pipeline\\Pipeline::carry():183}:184}()
#55 /app/vendor/laravel/framework/src/Illuminate/Pipeline/Pipeline.php(208): Illuminate\\Http\\Middleware\\ValidatePostSize->handle()
#56 /app/vendor/laravel/framework/src/Illuminate/Foundation/Http/Middleware/PreventRequestsDuringMaintenance.php(109): Illuminate\\Pipeline\\Pipeline->{closure:{closure:Illuminate\\Pipeline\\Pipeline::carry():183}:184}()
#57 /app/vendor/laravel/framework/src/Illuminate/Pipeline/Pipeline.php(208): Illuminate\\Foundation\\Http\\Middleware\\PreventRequestsDuringMaintenance->handle()
#58 /app/vendor/laravel/framework/src/Illuminate/Http/Middleware/HandleCors.php(48): Illuminate\\Pipeline\\Pipeline->{closure:{closure:Illuminate\\Pipeline\\Pipeline::carry():183}:184}()
#59 /app/vendor/laravel/framework/src/Illuminate/Pipeline/Pipeline.php(208): Illuminate\\Http\\Middleware\\HandleCors->handle()
#60 /app/vendor/laravel/framework/src/Illuminate/Http/Middleware/TrustProxies.php(58): Illuminate\\Pipeline\\Pipeline->{closure:{closure:Illuminate\\Pipeline\\Pipeline::carry():183}:184}()
#61 /app/vendor/laravel/framework/src/Illuminate/Pipeline/Pipeline.php(208): Illuminate\\Http\\Middleware\\TrustProxies->handle()
#62 /app/vendor/laravel/framework/src/Illuminate/Foundation/Http/Middleware/InvokeDeferredCallbacks.php(22): Illuminate\\Pipeline\\Pipeline->{closure:{closure:Illuminate\\Pipeline\\Pipeline::carry():183}:184}()
#63 /app/vendor/laravel/framework/src/Illuminate/Pipeline/Pipeline.php(208): Illuminate\\Foundation\\Http\\Middleware\\InvokeDeferredCallbacks->handle()
#64 /app/vendor/laravel/framework/src/Illuminate/Http/Middleware/ValidatePathEncoding.php(26): Illuminate\\Pipeline\\Pipeline->{closure:{closure:Illuminate\\Pipeline\\Pipeline::carry():183}:184}()
#65 /app/vendor/laravel/framework/src/Illuminate/Pipeline/Pipeline.php(208): Illuminate\\Http\\Middleware\\ValidatePathEncoding->handle()
#66 /app/vendor/laravel/framework/src/Illuminate/Pipeline/Pipeline.php(126): Illuminate\\Pipeline\\Pipeline->{closure:{closure:Illuminate\\Pipeline\\Pipeline::carry():183}:184}()
#67 /app/vendor/laravel/framework/src/Illuminate/Foundation/Http/Kernel.php(175): Illuminate\\Pipeline\\Pipeline->then()
#68 /app/vendor/laravel/framework/src/Illuminate/Foundation/Http/Kernel.php(144): Illuminate\\Foundation\\Http\\Kernel->sendRequestThroughRouter()
#69 /app/vendor/laravel/framework/src/Illuminate/Foundation/Application.php(1219): Illuminate\\Foundation\\Http\\Kernel->handle()
#70 /app/public/index.php(17): Illuminate\\Foundation\\Application->handleRequest()
#71 {main}
"} 
[2025-07-13 13:39:25] production.ERROR: ldap_read(): Search: Can't contact LDAP server {"exception":"[object] (LdapRecord\\LdapRecordException(code: 2): ldap_read(): Search: Can't contact LDAP server at /app/vendor/directorytree/ldaprecord/src/LdapRecordException.php:19)
[stacktrace]
#0 /app/vendor/directorytree/ldaprecord/src/HandlesConnection.php(206): LdapRecord\\LdapRecordException::withDetailedError()
#1 /app/vendor/directorytree/ldaprecord/src/Ldap.php(236): LdapRecord\\Ldap->executeFailableOperation()
#2 /app/vendor/directorytree/ldaprecord/src/Query/Builder.php(587): LdapRecord\\Ldap->read()
#3 /app/vendor/directorytree/ldaprecord/src/Connection.php(354): LdapRecord\\Query\\Builder->{closure:LdapRecord\\Query\\Builder::run():576}()
#4 /app/vendor/directorytree/ldaprecord/src/Connection.php(422): LdapRecord\\Connection->runOperationCallback()
#5 /app/vendor/directorytree/ldaprecord/src/Connection.php(404): LdapRecord\\Connection->retry()
#6 /app/vendor/directorytree/ldaprecord/src/Connection.php(314): LdapRecord\\Connection->tryAgainIfCausedByLostConnection()
#7 /app/vendor/directorytree/ldaprecord/src/Query/Builder.php(576): LdapRecord\\Connection->run()
#8 /app/vendor/directorytree/ldaprecord/src/Query/Builder.php(362): LdapRecord\\Query\\Builder->run()
#9 /app/vendor/directorytree/ldaprecord/src/Query/Builder.php(562): LdapRecord\\Query\\Builder->{closure:LdapRecord\\Query\\Builder::query():362}()
#10 /app/vendor/directorytree/ldaprecord/src/Query/Builder.php(364): LdapRecord\\Query\\Builder->getCachedResponse()
#11 /app/vendor/directorytree/ldaprecord/src/Query/Builder.php(201): LdapRecord\\Query\\Builder->query()
#12 /app/vendor/directorytree/ldaprecord/src/Query/Builder.php(218): LdapRecord\\Query\\Builder->{closure:LdapRecord\\Query\\Builder::get():201}()
#13 /app/vendor/directorytree/ldaprecord/src/Query/Builder.php(200): LdapRecord\\Query\\Builder->onceWithColumns()
#14 /app/vendor/directorytree/ldaprecord/src/Query/Builder.php(652): LdapRecord\\Query\\Builder->get()
#15 /app/vendor/directorytree/ldaprecord/src/Query/Model/Builder.php(104): LdapRecord\\Query\\Builder->first()
#16 /app/vendor/directorytree/ldaprecord/src/Query/Builder.php(665): LdapRecord\\Query\\Model\\Builder->first()
#17 /app/vendor/directorytree/ldaprecord/src/Query/Model/Builder.php(112): LdapRecord\\Query\\Builder->firstOrFail()
#18 /app/app/Classes/LDAP/Server.php(254): LdapRecord\\Query\\Model\\Builder->firstOrFail()
#19 /app/app/Classes/LDAP/Server.php(42): App\\Classes\\LDAP\\Server::rootDSE()
#20 /app/app/Http/Middleware/SwapinAuthUser.php(47): App\\Classes\\LDAP\\Server->__construct()
#21 /app/vendor/laravel/framework/src/Illuminate/Pipeline/Pipeline.php(208): App\\Http\\Middleware\\SwapinAuthUser->handle()
#22 /app/app/Http/Middleware/AllowAnonymous.php(26): Illuminate\\Pipeline\\Pipeline->{closure:{closure:Illuminate\\Pipeline\\Pipeline::carry():183}:184}()
#23 /app/vendor/laravel/framework/src/Illuminate/Pipeline/Pipeline.php(208): App\\Http\\Middleware\\AllowAnonymous->handle()
#24 /app/app/Http/Middleware/AcceptLanguage.php(23): Illuminate\\Pipeline\\Pipeline->{closure:{closure:Illuminate\\Pipeline\\Pipeline::carry():183}:184}()
#25 /app/vendor/laravel/framework/src/Illuminate/Pipeline/Pipeline.php(208): App\\Http\\Middleware\\AcceptLanguage->handle()
#26 /app/vendor/laravel/framework/src/Illuminate/Routing/Middleware/SubstituteBindings.php(50): Illuminate\\Pipeline\\Pipeline->{closure:{closure:Illuminate\\Pipeline\\Pipeline::carry():183}:184}()
#27 /app/vendor/laravel/framework/src/Illuminate/Pipeline/Pipeline.php(208): Illuminate\\Routing\\Middleware\\SubstituteBindings->handle()
#28 /app/vendor/laravel/framework/src/Illuminate/Foundation/Http/Middleware/VerifyCsrfToken.php(87): Illuminate\\Pipeline\\Pipeline->{closure:{closure:Illuminate\\Pipeline\\Pipeline::carry():183}:184}()
#29 /app/vendor/laravel/framework/src/Illuminate/Pipeline/Pipeline.php(208): Illuminate\\Foundation\\Http\\Middleware\\VerifyCsrfToken->handle()
#30 /app/vendor/laravel/framework/src/Illuminate/View/Middleware/ShareErrorsFromSession.php(48): Illuminate\\Pipeline\\Pipeline->{closure:{closure:Illuminate\\Pipeline\\Pipeline::carry():183}:184}()
#31 /app/vendor/laravel/framework/src/Illuminate/Pipeline/Pipeline.php(208): Illuminate\\View\\Middleware\\ShareErrorsFromSession->handle()
#32 /app/vendor/laravel/framework/src/Illuminate/Session/Middleware/StartSession.php(120): Illuminate\\Pipeline\\Pipeline->{closure:{closure:Illuminate\\Pipeline\\Pipeline::carry():183}:184}()
#33 /app/vendor/laravel/framework/src/Illuminate/Session/Middleware/StartSession.php(63): Illuminate\\Session\\Middleware\\StartSession->handleStatefulRequest()
#34 /app/vendor/laravel/framework/src/Illuminate/Pipeline/Pipeline.php(208): Illuminate\\Session\\Middleware\\StartSession->handle()
#35 /app/vendor/laravel/framework/src/Illuminate/Cookie/Middleware/AddQueuedCookiesToResponse.php(36): Illuminate\\Pipeline\\Pipeline->{closure:{closure:Illuminate\\Pipeline\\Pipeline::carry():183}:184}()
#36 /app/vendor/laravel/framework/src/Illuminate/Pipeline/Pipeline.php(208): Illuminate\\Cookie\\Middleware\\AddQueuedCookiesToResponse->handle()
#37 /app/vendor/laravel/framework/src/Illuminate/Cookie/Middleware/EncryptCookies.php(74): Illuminate\\Pipeline\\Pipeline->{closure:{closure:Illuminate\\Pipeline\\Pipeline::carry():183}:184}()
#38 /app/vendor/laravel/framework/src/Illuminate/Pipeline/Pipeline.php(208): Illuminate\\Cookie\\Middleware\\EncryptCookies->handle()
#39 /app/vendor/laravel/framework/src/Illuminate/Pipeline/Pipeline.php(126): Illuminate\\Pipeline\\Pipeline->{closure:{closure:Illuminate\\Pipeline\\Pipeline::carry():183}:184}()
#40 /app/vendor/laravel/framework/src/Illuminate/Routing/Router.php(807): Illuminate\\Pipeline\\Pipeline->then()
#41 /app/vendor/laravel/framework/src/Illuminate/Routing/Router.php(786): Illuminate\\Routing\\Router->runRouteWithinStack()
#42 /app/vendor/laravel/framework/src/Illuminate/Routing/Router.php(750): Illuminate\\Routing\\Router->runRoute()
#43 /app/vendor/laravel/framework/src/Illuminate/Routing/Router.php(739): Illuminate\\Routing\\Router->dispatchToRoute()
#44 /app/vendor/laravel/framework/src/Illuminate/Foundation/Http/Kernel.php(200): Illuminate\\Routing\\Router->dispatch()
#45 /app/vendor/laravel/framework/src/Illuminate/Pipeline/Pipeline.php(169): Illuminate\\Foundation\\Http\\Kernel->{closure:Illuminate\\Foundation\\Http\\Kernel::dispatchToRouter():197}()
#46 /app/vendor/laravel/framework/src/Illuminate/Foundation/Http/Middleware/TransformsRequest.php(21): Illuminate\\Pipeline\\Pipeline->{closure:Illuminate\\Pipeline\\Pipeline::prepareDestination():167}()
#47 /app/vendor/laravel/framework/src/Illuminate/Foundation/Http/Middleware/ConvertEmptyStringsToNull.php(31): Illuminate\\Foundation\\Http\\Middleware\\TransformsRequest->handle()
#48 /app/vendor/laravel/framework/src/Illuminate/Pipeline/Pipeline.php(208): Illuminate\\Foundation\\Http\\Middleware\\ConvertEmptyStringsToNull->handle()
#49 /app/vendor/laravel/framework/src/Illuminate/Foundation/Http/Middleware/TransformsRequest.php(21): Illuminate\\Pipeline\\Pipeline->{closure:{closure:Illuminate\\Pipeline\\Pipeline::carry():183}:184}()
#50 /app/vendor/laravel/framework/src/Illuminate/Foundation/Http/Middleware/TrimStrings.php(51): Illuminate\\Foundation\\Http\\Middleware\\TransformsRequest->handle()
#51 /app/vendor/laravel/framework/src/Illuminate/Pipeline/Pipeline.php(208): Illuminate\\Foundation\\Http\\Middleware\\TrimStrings->handle()
#52 /app/vendor/laravel/framework/src/Illuminate/Http/Middleware/ValidatePostSize.php(27): Illuminate\\Pipeline\\Pipeline->{closure:{closure:Illuminate\\Pipeline\\Pipeline::carry():183}:184}()
#53 /app/vendor/laravel/framework/src/Illuminate/Pipeline/Pipeline.php(208): Illuminate\\Http\\Middleware\\ValidatePostSize->handle()
#54 /app/vendor/laravel/framework/src/Illuminate/Foundation/Http/Middleware/PreventRequestsDuringMaintenance.php(109): Illuminate\\Pipeline\\Pipeline->{closure:{closure:Illuminate\\Pipeline\\Pipeline::carry():183}:184}()
#55 /app/vendor/laravel/framework/src/Illuminate/Pipeline/Pipeline.php(208): Illuminate\\Foundation\\Http\\Middleware\\PreventRequestsDuringMaintenance->handle()
#56 /app/vendor/laravel/framework/src/Illuminate/Http/Middleware/HandleCors.php(48): Illuminate\\Pipeline\\Pipeline->{closure:{closure:Illuminate\\Pipeline\\Pipeline::carry():183}:184}()
#57 /app/vendor/laravel/framework/src/Illuminate/Pipeline/Pipeline.php(208): Illuminate\\Http\\Middleware\\HandleCors->handle()
#58 /app/vendor/laravel/framework/src/Illuminate/Http/Middleware/TrustProxies.php(58): Illuminate\\Pipeline\\Pipeline->{closure:{closure:Illuminate\\Pipeline\\Pipeline::carry():183}:184}()
#59 /app/vendor/laravel/framework/src/Illuminate/Pipeline/Pipeline.php(208): Illuminate\\Http\\Middleware\\TrustProxies->handle()
#60 /app/vendor/laravel/framework/src/Illuminate/Foundation/Http/Middleware/InvokeDeferredCallbacks.php(22): Illuminate\\Pipeline\\Pipeline->{closure:{closure:Illuminate\\Pipeline\\Pipeline::carry():183}:184}()
#61 /app/vendor/laravel/framework/src/Illuminate/Pipeline/Pipeline.php(208): Illuminate\\Foundation\\Http\\Middleware\\InvokeDeferredCallbacks->handle()
#62 /app/vendor/laravel/framework/src/Illuminate/Http/Middleware/ValidatePathEncoding.php(26): Illuminate\\Pipeline\\Pipeline->{closure:{closure:Illuminate\\Pipeline\\Pipeline::carry():183}:184}()
#63 /app/vendor/laravel/framework/src/Illuminate/Pipeline/Pipeline.php(208): Illuminate\\Http\\Middleware\\ValidatePathEncoding->handle()
#64 /app/vendor/laravel/framework/src/Illuminate/Pipeline/Pipeline.php(126): Illuminate\\Pipeline\\Pipeline->{closure:{closure:Illuminate\\Pipeline\\Pipeline::carry():183}:184}()
#65 /app/vendor/laravel/framework/src/Illuminate/Foundation/Http/Kernel.php(175): Illuminate\\Pipeline\\Pipeline->then()
#66 /app/vendor/laravel/framework/src/Illuminate/Foundation/Http/Kernel.php(144): Illuminate\\Foundation\\Http\\Kernel->sendRequestThroughRouter()
#67 /app/vendor/laravel/framework/src/Illuminate/Foundation/Application.php(1219): Illuminate\\Foundation\\Http\\Kernel->handle()
#68 /app/public/index.php(17): Illuminate\\Foundation\\Application->handleRequest()
#69 {main}

[previous exception] [object] (ErrorException(code: 2): ldap_read(): Search: Can't contact LDAP server at /app/vendor/directorytree/ldaprecord/src/Ldap.php:246)
[stacktrace]
#0 [internal function]: LdapRecord\\Ldap->{closure:LdapRecord\\HandlesConnection::executeFailableOperation():184}()
#1 /app/vendor/directorytree/ldaprecord/src/Ldap.php(246): ldap_read()
#2 /app/vendor/directorytree/ldaprecord/src/HandlesConnection.php(193): LdapRecord\\Ldap->{closure:LdapRecord\\Ldap::read():236}()
#3 /app/vendor/directorytree/ldaprecord/src/Ldap.php(236): LdapRecord\\Ldap->executeFailableOperation()
#4 /app/vendor/directorytree/ldaprecord/src/Query/Builder.php(587): LdapRecord\\Ldap->read()
#5 /app/vendor/directorytree/ldaprecord/src/Connection.php(354): LdapRecord\\Query\\Builder->{closure:LdapRecord\\Query\\Builder::run():576}()
#6 /app/vendor/directorytree/ldaprecord/src/Connection.php(422): LdapRecord\\Connection->runOperationCallback()
#7 /app/vendor/directorytree/ldaprecord/src/Connection.php(404): LdapRecord\\Connection->retry()
#8 /app/vendor/directorytree/ldaprecord/src/Connection.php(314): LdapRecord\\Connection->tryAgainIfCausedByLostConnection()
#9 /app/vendor/directorytree/ldaprecord/src/Query/Builder.php(576): LdapRecord\\Connection->run()
#10 /app/vendor/directorytree/ldaprecord/src/Query/Builder.php(362): LdapRecord\\Query\\Builder->run()
#11 /app/vendor/directorytree/ldaprecord/src/Query/Builder.php(562): LdapRecord\\Query\\Builder->{closure:LdapRecord\\Query\\Builder::query():362}()
#12 /app/vendor/directorytree/ldaprecord/src/Query/Builder.php(364): LdapRecord\\Query\\Builder->getCachedResponse()
#13 /app/vendor/directorytree/ldaprecord/src/Query/Builder.php(201): LdapRecord\\Query\\Builder->query()
#14 /app/vendor/directorytree/ldaprecord/src/Query/Builder.php(218): LdapRecord\\Query\\Builder->{closure:LdapRecord\\Query\\Builder::get():201}()
#15 /app/vendor/directorytree/ldaprecord/src/Query/Builder.php(200): LdapRecord\\Query\\Builder->onceWithColumns()
#16 /app/vendor/directorytree/ldaprecord/src/Query/Builder.php(652): LdapRecord\\Query\\Builder->get()
#17 /app/vendor/directorytree/ldaprecord/src/Query/Model/Builder.php(104): LdapRecord\\Query\\Builder->first()
#18 /app/vendor/directorytree/ldaprecord/src/Query/Builder.php(665): LdapRecord\\Query\\Model\\Builder->first()
#19 /app/vendor/directorytree/ldaprecord/src/Query/Model/Builder.php(112): LdapRecord\\Query\\Builder->firstOrFail()
#20 /app/app/Classes/LDAP/Server.php(254): LdapRecord\\Query\\Model\\Builder->firstOrFail()
#21 /app/app/Classes/LDAP/Server.php(42): App\\Classes\\LDAP\\Server::rootDSE()
#22 /app/app/Http/Middleware/SwapinAuthUser.php(47): App\\Classes\\LDAP\\Server->__construct()
#23 /app/vendor/laravel/framework/src/Illuminate/Pipeline/Pipeline.php(208): App\\Http\\Middleware\\SwapinAuthUser->handle()
#24 /app/app/Http/Middleware/AllowAnonymous.php(26): Illuminate\\Pipeline\\Pipeline->{closure:{closure:Illuminate\\Pipeline\\Pipeline::carry():183}:184}()
#25 /app/vendor/laravel/framework/src/Illuminate/Pipeline/Pipeline.php(208): App\\Http\\Middleware\\AllowAnonymous->handle()
#26 /app/app/Http/Middleware/AcceptLanguage.php(23): Illuminate\\Pipeline\\Pipeline->{closure:{closure:Illuminate\\Pipeline\\Pipeline::carry():183}:184}()
#27 /app/vendor/laravel/framework/src/Illuminate/Pipeline/Pipeline.php(208): App\\Http\\Middleware\\AcceptLanguage->handle()
#28 /app/vendor/laravel/framework/src/Illuminate/Routing/Middleware/SubstituteBindings.php(50): Illuminate\\Pipeline\\Pipeline->{closure:{closure:Illuminate\\Pipeline\\Pipeline::carry():183}:184}()
#29 /app/vendor/laravel/framework/src/Illuminate/Pipeline/Pipeline.php(208): Illuminate\\Routing\\Middleware\\SubstituteBindings->handle()
#30 /app/vendor/laravel/framework/src/Illuminate/Foundation/Http/Middleware/VerifyCsrfToken.php(87): Illuminate\\Pipeline\\Pipeline->{closure:{closure:Illuminate\\Pipeline\\Pipeline::carry():183}:184}()
#31 /app/vendor/laravel/framework/src/Illuminate/Pipeline/Pipeline.php(208): Illuminate\\Foundation\\Http\\Middleware\\VerifyCsrfToken->handle()
#32 /app/vendor/laravel/framework/src/Illuminate/View/Middleware/ShareErrorsFromSession.php(48): Illuminate\\Pipeline\\Pipeline->{closure:{closure:Illuminate\\Pipeline\\Pipeline::carry():183}:184}()
#33 /app/vendor/laravel/framework/src/Illuminate/Pipeline/Pipeline.php(208): Illuminate\\View\\Middleware\\ShareErrorsFromSession->handle()
#34 /app/vendor/laravel/framework/src/Illuminate/Session/Middleware/StartSession.php(120): Illuminate\\Pipeline\\Pipeline->{closure:{closure:Illuminate\\Pipeline\\Pipeline::carry():183}:184}()
#35 /app/vendor/laravel/framework/src/Illuminate/Session/Middleware/StartSession.php(63): Illuminate\\Session\\Middleware\\StartSession->handleStatefulRequest()
#36 /app/vendor/laravel/framework/src/Illuminate/Pipeline/Pipeline.php(208): Illuminate\\Session\\Middleware\\StartSession->handle()
#37 /app/vendor/laravel/framework/src/Illuminate/Cookie/Middleware/AddQueuedCookiesToResponse.php(36): Illuminate\\Pipeline\\Pipeline->{closure:{closure:Illuminate\\Pipeline\\Pipeline::carry():183}:184}()
#38 /app/vendor/laravel/framework/src/Illuminate/Pipeline/Pipeline.php(208): Illuminate\\Cookie\\Middleware\\AddQueuedCookiesToResponse->handle()
#39 /app/vendor/laravel/framework/src/Illuminate/Cookie/Middleware/EncryptCookies.php(74): Illuminate\\Pipeline\\Pipeline->{closure:{closure:Illuminate\\Pipeline\\Pipeline::carry():183}:184}()
#40 /app/vendor/laravel/framework/src/Illuminate/Pipeline/Pipeline.php(208): Illuminate\\Cookie\\Middleware\\EncryptCookies->handle()
#41 /app/vendor/laravel/framework/src/Illuminate/Pipeline/Pipeline.php(126): Illuminate\\Pipeline\\Pipeline->{closure:{closure:Illuminate\\Pipeline\\Pipeline::carry():183}:184}()
#42 /app/vendor/laravel/framework/src/Illuminate/Routing/Router.php(807): Illuminate\\Pipeline\\Pipeline->then()
#43 /app/vendor/laravel/framework/src/Illuminate/Routing/Router.php(786): Illuminate\\Routing\\Router->runRouteWithinStack()
#44 /app/vendor/laravel/framework/src/Illuminate/Routing/Router.php(750): Illuminate\\Routing\\Router->runRoute()
#45 /app/vendor/laravel/framework/src/Illuminate/Routing/Router.php(739): Illuminate\\Routing\\Router->dispatchToRoute()
#46 /app/vendor/laravel/framework/src/Illuminate/Foundation/Http/Kernel.php(200): Illuminate\\Routing\\Router->dispatch()
#47 /app/vendor/laravel/framework/src/Illuminate/Pipeline/Pipeline.php(169): Illuminate\\Foundation\\Http\\Kernel->{closure:Illuminate\\Foundation\\Http\\Kernel::dispatchToRouter():197}()
#48 /app/vendor/laravel/framework/src/Illuminate/Foundation/Http/Middleware/TransformsRequest.php(21): Illuminate\\Pipeline\\Pipeline->{closure:Illuminate\\Pipeline\\Pipeline::prepareDestination():167}()
#49 /app/vendor/laravel/framework/src/Illuminate/Foundation/Http/Middleware/ConvertEmptyStringsToNull.php(31): Illuminate\\Foundation\\Http\\Middleware\\TransformsRequest->handle()
#50 /app/vendor/laravel/framework/src/Illuminate/Pipeline/Pipeline.php(208): Illuminate\\Foundation\\Http\\Middleware\\ConvertEmptyStringsToNull->handle()
#51 /app/vendor/laravel/framework/src/Illuminate/Foundation/Http/Middleware/TransformsRequest.php(21): Illuminate\\Pipeline\\Pipeline->{closure:{closure:Illuminate\\Pipeline\\Pipeline::carry():183}:184}()
#52 /app/vendor/laravel/framework/src/Illuminate/Foundation/Http/Middleware/TrimStrings.php(51): Illuminate\\Foundation\\Http\\Middleware\\TransformsRequest->handle()
#53 /app/vendor/laravel/framework/src/Illuminate/Pipeline/Pipeline.php(208): Illuminate\\Foundation\\Http\\Middleware\\TrimStrings->handle()
#54 /app/vendor/laravel/framework/src/Illuminate/Http/Middleware/ValidatePostSize.php(27): Illuminate\\Pipeline\\Pipeline->{closure:{closure:Illuminate\\Pipeline\\Pipeline::carry():183}:184}()
#55 /app/vendor/laravel/framework/src/Illuminate/Pipeline/Pipeline.php(208): Illuminate\\Http\\Middleware\\ValidatePostSize->handle()
#56 /app/vendor/laravel/framework/src/Illuminate/Foundation/Http/Middleware/PreventRequestsDuringMaintenance.php(109): Illuminate\\Pipeline\\Pipeline->{closure:{closure:Illuminate\\Pipeline\\Pipeline::carry():183}:184}()
#57 /app/vendor/laravel/framework/src/Illuminate/Pipeline/Pipeline.php(208): Illuminate\\Foundation\\Http\\Middleware\\PreventRequestsDuringMaintenance->handle()
#58 /app/vendor/laravel/framework/src/Illuminate/Http/Middleware/HandleCors.php(48): Illuminate\\Pipeline\\Pipeline->{closure:{closure:Illuminate\\Pipeline\\Pipeline::carry():183}:184}()
#59 /app/vendor/laravel/framework/src/Illuminate/Pipeline/Pipeline.php(208): Illuminate\\Http\\Middleware\\HandleCors->handle()
#60 /app/vendor/laravel/framework/src/Illuminate/Http/Middleware/TrustProxies.php(58): Illuminate\\Pipeline\\Pipeline->{closure:{closure:Illuminate\\Pipeline\\Pipeline::carry():183}:184}()
#61 /app/vendor/laravel/framework/src/Illuminate/Pipeline/Pipeline.php(208): Illuminate\\Http\\Middleware\\TrustProxies->handle()
#62 /app/vendor/laravel/framework/src/Illuminate/Foundation/Http/Middleware/InvokeDeferredCallbacks.php(22): Illuminate\\Pipeline\\Pipeline->{closure:{closure:Illuminate\\Pipeline\\Pipeline::carry():183}:184}()
#63 /app/vendor/laravel/framework/src/Illuminate/Pipeline/Pipeline.php(208): Illuminate\\Foundation\\Http\\Middleware\\InvokeDeferredCallbacks->handle()
#64 /app/vendor/laravel/framework/src/Illuminate/Http/Middleware/ValidatePathEncoding.php(26): Illuminate\\Pipeline\\Pipeline->{closure:{closure:Illuminate\\Pipeline\\Pipeline::carry():183}:184}()
#65 /app/vendor/laravel/framework/src/Illuminate/Pipeline/Pipeline.php(208): Illuminate\\Http\\Middleware\\ValidatePathEncoding->handle()
#66 /app/vendor/laravel/framework/src/Illuminate/Pipeline/Pipeline.php(126): Illuminate\\Pipeline\\Pipeline->{closure:{closure:Illuminate\\Pipeline\\Pipeline::carry():183}:184}()
#67 /app/vendor/laravel/framework/src/Illuminate/Foundation/Http/Kernel.php(175): Illuminate\\Pipeline\\Pipeline->then()
#68 /app/vendor/laravel/framework/src/Illuminate/Foundation/Http/Kernel.php(144): Illuminate\\Foundation\\Http\\Kernel->sendRequestThroughRouter()
#69 /app/vendor/laravel/framework/src/Illuminate/Foundation/Application.php(1219): Illuminate\\Foundation\\Http\\Kernel->handle()
#70 /app/public/index.php(17): Illuminate\\Foundation\\Application->handleRequest()
#71 {main}
"} 
[2025-07-13 13:39:25] production.ERROR: ldap_read(): Search: Can't contact LDAP server {"exception":"[object] (LdapRecord\\LdapRecordException(code: 2): ldap_read(): Search: Can't contact LDAP server at /app/vendor/directorytree/ldaprecord/src/LdapRecordException.php:19)
[stacktrace]
#0 /app/vendor/directorytree/ldaprecord/src/HandlesConnection.php(206): LdapRecord\\LdapRecordException::withDetailedError()
#1 /app/vendor/directorytree/ldaprecord/src/Ldap.php(236): LdapRecord\\Ldap->executeFailableOperation()
#2 /app/vendor/directorytree/ldaprecord/src/Query/Builder.php(587): LdapRecord\\Ldap->read()
#3 /app/vendor/directorytree/ldaprecord/src/Connection.php(354): LdapRecord\\Query\\Builder->{closure:LdapRecord\\Query\\Builder::run():576}()
#4 /app/vendor/directorytree/ldaprecord/src/Connection.php(422): LdapRecord\\Connection->runOperationCallback()
#5 /app/vendor/directorytree/ldaprecord/src/Connection.php(404): LdapRecord\\Connection->retry()
#6 /app/vendor/directorytree/ldaprecord/src/Connection.php(314): LdapRecord\\Connection->tryAgainIfCausedByLostConnection()
#7 /app/vendor/directorytree/ldaprecord/src/Query/Builder.php(576): LdapRecord\\Connection->run()
#8 /app/vendor/directorytree/ldaprecord/src/Query/Builder.php(362): LdapRecord\\Query\\Builder->run()
#9 /app/vendor/directorytree/ldaprecord/src/Query/Builder.php(562): LdapRecord\\Query\\Builder->{closure:LdapRecord\\Query\\Builder::query():362}()
#10 /app/vendor/directorytree/ldaprecord/src/Query/Builder.php(364): LdapRecord\\Query\\Builder->getCachedResponse()
#11 /app/vendor/directorytree/ldaprecord/src/Query/Builder.php(201): LdapRecord\\Query\\Builder->query()
#12 /app/vendor/directorytree/ldaprecord/src/Query/Builder.php(218): LdapRecord\\Query\\Builder->{closure:LdapRecord\\Query\\Builder::get():201}()
#13 /app/vendor/directorytree/ldaprecord/src/Query/Builder.php(200): LdapRecord\\Query\\Builder->onceWithColumns()
#14 /app/vendor/directorytree/ldaprecord/src/Query/Builder.php(652): LdapRecord\\Query\\Builder->get()
#15 /app/vendor/directorytree/ldaprecord/src/Query/Model/Builder.php(104): LdapRecord\\Query\\Builder->first()
#16 /app/vendor/directorytree/ldaprecord/src/Query/Builder.php(665): LdapRecord\\Query\\Model\\Builder->first()
#17 /app/vendor/directorytree/ldaprecord/src/Query/Model/Builder.php(112): LdapRecord\\Query\\Builder->firstOrFail()
#18 /app/app/Classes/LDAP/Server.php(254): LdapRecord\\Query\\Model\\Builder->firstOrFail()
#19 /app/app/Classes/LDAP/Server.php(42): App\\Classes\\LDAP\\Server::rootDSE()
#20 /app/app/Http/Middleware/SwapinAuthUser.php(47): App\\Classes\\LDAP\\Server->__construct()
#21 /app/vendor/laravel/framework/src/Illuminate/Pipeline/Pipeline.php(208): App\\Http\\Middleware\\SwapinAuthUser->handle()
#22 /app/app/Http/Middleware/AllowAnonymous.php(26): Illuminate\\Pipeline\\Pipeline->{closure:{closure:Illuminate\\Pipeline\\Pipeline::carry():183}:184}()
#23 /app/vendor/laravel/framework/src/Illuminate/Pipeline/Pipeline.php(208): App\\Http\\Middleware\\AllowAnonymous->handle()
#24 /app/app/Http/Middleware/AcceptLanguage.php(23): Illuminate\\Pipeline\\Pipeline->{closure:{closure:Illuminate\\Pipeline\\Pipeline::carry():183}:184}()
#25 /app/vendor/laravel/framework/src/Illuminate/Pipeline/Pipeline.php(208): App\\Http\\Middleware\\AcceptLanguage->handle()
#26 /app/vendor/laravel/framework/src/Illuminate/Routing/Middleware/SubstituteBindings.php(50): Illuminate\\Pipeline\\Pipeline->{closure:{closure:Illuminate\\Pipeline\\Pipeline::carry():183}:184}()
#27 /app/vendor/laravel/framework/src/Illuminate/Pipeline/Pipeline.php(208): Illuminate\\Routing\\Middleware\\SubstituteBindings->handle()
#28 /app/vendor/laravel/framework/src/Illuminate/Foundation/Http/Middleware/VerifyCsrfToken.php(87): Illuminate\\Pipeline\\Pipeline->{closure:{closure:Illuminate\\Pipeline\\Pipeline::carry():183}:184}()
#29 /app/vendor/laravel/framework/src/Illuminate/Pipeline/Pipeline.php(208): Illuminate\\Foundation\\Http\\Middleware\\VerifyCsrfToken->handle()
#30 /app/vendor/laravel/framework/src/Illuminate/View/Middleware/ShareErrorsFromSession.php(48): Illuminate\\Pipeline\\Pipeline->{closure:{closure:Illuminate\\Pipeline\\Pipeline::carry():183}:184}()
#31 /app/vendor/laravel/framework/src/Illuminate/Pipeline/Pipeline.php(208): Illuminate\\View\\Middleware\\ShareErrorsFromSession->handle()
#32 /app/vendor/laravel/framework/src/Illuminate/Session/Middleware/StartSession.php(120): Illuminate\\Pipeline\\Pipeline->{closure:{closure:Illuminate\\Pipeline\\Pipeline::carry():183}:184}()
#33 /app/vendor/laravel/framework/src/Illuminate/Session/Middleware/StartSession.php(63): Illuminate\\Session\\Middleware\\StartSession->handleStatefulRequest()
#34 /app/vendor/laravel/framework/src/Illuminate/Pipeline/Pipeline.php(208): Illuminate\\Session\\Middleware\\StartSession->handle()
#35 /app/vendor/laravel/framework/src/Illuminate/Cookie/Middleware/AddQueuedCookiesToResponse.php(36): Illuminate\\Pipeline\\Pipeline->{closure:{closure:Illuminate\\Pipeline\\Pipeline::carry():183}:184}()
#36 /app/vendor/laravel/framework/src/Illuminate/Pipeline/Pipeline.php(208): Illuminate\\Cookie\\Middleware\\AddQueuedCookiesToResponse->handle()
#37 /app/vendor/laravel/framework/src/Illuminate/Cookie/Middleware/EncryptCookies.php(74): Illuminate\\Pipeline\\Pipeline->{closure:{closure:Illuminate\\Pipeline\\Pipeline::carry():183}:184}()
#38 /app/vendor/laravel/framework/src/Illuminate/Pipeline/Pipeline.php(208): Illuminate\\Cookie\\Middleware\\EncryptCookies->handle()
#39 /app/vendor/laravel/framework/src/Illuminate/Pipeline/Pipeline.php(126): Illuminate\\Pipeline\\Pipeline->{closure:{closure:Illuminate\\Pipeline\\Pipeline::carry():183}:184}()
#40 /app/vendor/laravel/framework/src/Illuminate/Routing/Router.php(807): Illuminate\\Pipeline\\Pipeline->then()
#41 /app/vendor/laravel/framework/src/Illuminate/Routing/Router.php(786): Illuminate\\Routing\\Router->runRouteWithinStack()
#42 /app/vendor/laravel/framework/src/Illuminate/Routing/Router.php(750): Illuminate\\Routing\\Router->runRoute()
#43 /app/vendor/laravel/framework/src/Illuminate/Routing/Router.php(739): Illuminate\\Routing\\Router->dispatchToRoute()
#44 /app/vendor/laravel/framework/src/Illuminate/Foundation/Http/Kernel.php(200): Illuminate\\Routing\\Router->dispatch()
#45 /app/vendor/laravel/framework/src/Illuminate/Pipeline/Pipeline.php(169): Illuminate\\Foundation\\Http\\Kernel->{closure:Illuminate\\Foundation\\Http\\Kernel::dispatchToRouter():197}()
#46 /app/vendor/laravel/framework/src/Illuminate/Foundation/Http/Middleware/TransformsRequest.php(21): Illuminate\\Pipeline\\Pipeline->{closure:Illuminate\\Pipeline\\Pipeline::prepareDestination():167}()
#47 /app/vendor/laravel/framework/src/Illuminate/Foundation/Http/Middleware/ConvertEmptyStringsToNull.php(31): Illuminate\\Foundation\\Http\\Middleware\\TransformsRequest->handle()
#48 /app/vendor/laravel/framework/src/Illuminate/Pipeline/Pipeline.php(208): Illuminate\\Foundation\\Http\\Middleware\\ConvertEmptyStringsToNull->handle()
#49 /app/vendor/laravel/framework/src/Illuminate/Foundation/Http/Middleware/TransformsRequest.php(21): Illuminate\\Pipeline\\Pipeline->{closure:{closure:Illuminate\\Pipeline\\Pipeline::carry():183}:184}()
#50 /app/vendor/laravel/framework/src/Illuminate/Foundation/Http/Middleware/TrimStrings.php(51): Illuminate\\Foundation\\Http\\Middleware\\TransformsRequest->handle()
#51 /app/vendor/laravel/framework/src/Illuminate/Pipeline/Pipeline.php(208): Illuminate\\Foundation\\Http\\Middleware\\TrimStrings->handle()
#52 /app/vendor/laravel/framework/src/Illuminate/Http/Middleware/ValidatePostSize.php(27): Illuminate\\Pipeline\\Pipeline->{closure:{closure:Illuminate\\Pipeline\\Pipeline::carry():183}:184}()
#53 /app/vendor/laravel/framework/src/Illuminate/Pipeline/Pipeline.php(208): Illuminate\\Http\\Middleware\\ValidatePostSize->handle()
#54 /app/vendor/laravel/framework/src/Illuminate/Foundation/Http/Middleware/PreventRequestsDuringMaintenance.php(109): Illuminate\\Pipeline\\Pipeline->{closure:{closure:Illuminate\\Pipeline\\Pipeline::carry():183}:184}()
#55 /app/vendor/laravel/framework/src/Illuminate/Pipeline/Pipeline.php(208): Illuminate\\Foundation\\Http\\Middleware\\PreventRequestsDuringMaintenance->handle()
#56 /app/vendor/laravel/framework/src/Illuminate/Http/Middleware/HandleCors.php(48): Illuminate\\Pipeline\\Pipeline->{closure:{closure:Illuminate\\Pipeline\\Pipeline::carry():183}:184}()
#57 /app/vendor/laravel/framework/src/Illuminate/Pipeline/Pipeline.php(208): Illuminate\\Http\\Middleware\\HandleCors->handle()
#58 /app/vendor/laravel/framework/src/Illuminate/Http/Middleware/TrustProxies.php(58): Illuminate\\Pipeline\\Pipeline->{closure:{closure:Illuminate\\Pipeline\\Pipeline::carry():183}:184}()
#59 /app/vendor/laravel/framework/src/Illuminate/Pipeline/Pipeline.php(208): Illuminate\\Http\\Middleware\\TrustProxies->handle()
#60 /app/vendor/laravel/framework/src/Illuminate/Foundation/Http/Middleware/InvokeDeferredCallbacks.php(22): Illuminate\\Pipeline\\Pipeline->{closure:{closure:Illuminate\\Pipeline\\Pipeline::carry():183}:184}()
#61 /app/vendor/laravel/framework/src/Illuminate/Pipeline/Pipeline.php(208): Illuminate\\Foundation\\Http\\Middleware\\InvokeDeferredCallbacks->handle()
#62 /app/vendor/laravel/framework/src/Illuminate/Http/Middleware/ValidatePathEncoding.php(26): Illuminate\\Pipeline\\Pipeline->{closure:{closure:Illuminate\\Pipeline\\Pipeline::carry():183}:184}()
#63 /app/vendor/laravel/framework/src/Illuminate/Pipeline/Pipeline.php(208): Illuminate\\Http\\Middleware\\ValidatePathEncoding->handle()
#64 /app/vendor/laravel/framework/src/Illuminate/Pipeline/Pipeline.php(126): Illuminate\\Pipeline\\Pipeline->{closure:{closure:Illuminate\\Pipeline\\Pipeline::carry():183}:184}()
#65 /app/vendor/laravel/framework/src/Illuminate/Foundation/Http/Kernel.php(175): Illuminate\\Pipeline\\Pipeline->then()
#66 /app/vendor/laravel/framework/src/Illuminate/Foundation/Http/Kernel.php(144): Illuminate\\Foundation\\Http\\Kernel->sendRequestThroughRouter()
#67 /app/vendor/laravel/framework/src/Illuminate/Foundation/Application.php(1219): Illuminate\\Foundation\\Http\\Kernel->handle()
#68 /app/public/index.php(17): Illuminate\\Foundation\\Application->handleRequest()
#69 {main}

[previous exception] [object] (ErrorException(code: 2): ldap_read(): Search: Can't contact LDAP server at /app/vendor/directorytree/ldaprecord/src/Ldap.php:246)
[stacktrace]
#0 [internal function]: LdapRecord\\Ldap->{closure:LdapRecord\\HandlesConnection::executeFailableOperation():184}()
#1 /app/vendor/directorytree/ldaprecord/src/Ldap.php(246): ldap_read()
#2 /app/vendor/directorytree/ldaprecord/src/HandlesConnection.php(193): LdapRecord\\Ldap->{closure:LdapRecord\\Ldap::read():236}()
#3 /app/vendor/directorytree/ldaprecord/src/Ldap.php(236): LdapRecord\\Ldap->executeFailableOperation()
#4 /app/vendor/directorytree/ldaprecord/src/Query/Builder.php(587): LdapRecord\\Ldap->read()
#5 /app/vendor/directorytree/ldaprecord/src/Connection.php(354): LdapRecord\\Query\\Builder->{closure:LdapRecord\\Query\\Builder::run():576}()
#6 /app/vendor/directorytree/ldaprecord/src/Connection.php(422): LdapRecord\\Connection->runOperationCallback()
#7 /app/vendor/directorytree/ldaprecord/src/Connection.php(404): LdapRecord\\Connection->retry()
#8 /app/vendor/directorytree/ldaprecord/src/Connection.php(314): LdapRecord\\Connection->tryAgainIfCausedByLostConnection()
#9 /app/vendor/directorytree/ldaprecord/src/Query/Builder.php(576): LdapRecord\\Connection->run()
#10 /app/vendor/directorytree/ldaprecord/src/Query/Builder.php(362): LdapRecord\\Query\\Builder->run()
#11 /app/vendor/directorytree/ldaprecord/src/Query/Builder.php(562): LdapRecord\\Query\\Builder->{closure:LdapRecord\\Query\\Builder::query():362}()
#12 /app/vendor/directorytree/ldaprecord/src/Query/Builder.php(364): LdapRecord\\Query\\Builder->getCachedResponse()
#13 /app/vendor/directorytree/ldaprecord/src/Query/Builder.php(201): LdapRecord\\Query\\Builder->query()
#14 /app/vendor/directorytree/ldaprecord/src/Query/Builder.php(218): LdapRecord\\Query\\Builder->{closure:LdapRecord\\Query\\Builder::get():201}()
#15 /app/vendor/directorytree/ldaprecord/src/Query/Builder.php(200): LdapRecord\\Query\\Builder->onceWithColumns()
#16 /app/vendor/directorytree/ldaprecord/src/Query/Builder.php(652): LdapRecord\\Query\\Builder->get()
#17 /app/vendor/directorytree/ldaprecord/src/Query/Model/Builder.php(104): LdapRecord\\Query\\Builder->first()
#18 /app/vendor/directorytree/ldaprecord/src/Query/Builder.php(665): LdapRecord\\Query\\Model\\Builder->first()
#19 /app/vendor/directorytree/ldaprecord/src/Query/Model/Builder.php(112): LdapRecord\\Query\\Builder->firstOrFail()
#20 /app/app/Classes/LDAP/Server.php(254): LdapRecord\\Query\\Model\\Builder->firstOrFail()
#21 /app/app/Classes/LDAP/Server.php(42): App\\Classes\\LDAP\\Server::rootDSE()
#22 /app/app/Http/Middleware/SwapinAuthUser.php(47): App\\Classes\\LDAP\\Server->__construct()
#23 /app/vendor/laravel/framework/src/Illuminate/Pipeline/Pipeline.php(208): App\\Http\\Middleware\\SwapinAuthUser->handle()
#24 /app/app/Http/Middleware/AllowAnonymous.php(26): Illuminate\\Pipeline\\Pipeline->{closure:{closure:Illuminate\\Pipeline\\Pipeline::carry():183}:184}()
#25 /app/vendor/laravel/framework/src/Illuminate/Pipeline/Pipeline.php(208): App\\Http\\Middleware\\AllowAnonymous->handle()
#26 /app/app/Http/Middleware/AcceptLanguage.php(23): Illuminate\\Pipeline\\Pipeline->{closure:{closure:Illuminate\\Pipeline\\Pipeline::carry():183}:184}()
#27 /app/vendor/laravel/framework/src/Illuminate/Pipeline/Pipeline.php(208): App\\Http\\Middleware\\AcceptLanguage->handle()
#28 /app/vendor/laravel/framework/src/Illuminate/Routing/Middleware/SubstituteBindings.php(50): Illuminate\\Pipeline\\Pipeline->{closure:{closure:Illuminate\\Pipeline\\Pipeline::carry():183}:184}()
#29 /app/vendor/laravel/framework/src/Illuminate/Pipeline/Pipeline.php(208): Illuminate\\Routing\\Middleware\\SubstituteBindings->handle()
#30 /app/vendor/laravel/framework/src/Illuminate/Foundation/Http/Middleware/VerifyCsrfToken.php(87): Illuminate\\Pipeline\\Pipeline->{closure:{closure:Illuminate\\Pipeline\\Pipeline::carry():183}:184}()
#31 /app/vendor/laravel/framework/src/Illuminate/Pipeline/Pipeline.php(208): Illuminate\\Foundation\\Http\\Middleware\\VerifyCsrfToken->handle()
#32 /app/vendor/laravel/framework/src/Illuminate/View/Middleware/ShareErrorsFromSession.php(48): Illuminate\\Pipeline\\Pipeline->{closure:{closure:Illuminate\\Pipeline\\Pipeline::carry():183}:184}()
#33 /app/vendor/laravel/framework/src/Illuminate/Pipeline/Pipeline.php(208): Illuminate\\View\\Middleware\\ShareErrorsFromSession->handle()
#34 /app/vendor/laravel/framework/src/Illuminate/Session/Middleware/StartSession.php(120): Illuminate\\Pipeline\\Pipeline->{closure:{closure:Illuminate\\Pipeline\\Pipeline::carry():183}:184}()
#35 /app/vendor/laravel/framework/src/Illuminate/Session/Middleware/StartSession.php(63): Illuminate\\Session\\Middleware\\StartSession->handleStatefulRequest()
#36 /app/vendor/laravel/framework/src/Illuminate/Pipeline/Pipeline.php(208): Illuminate\\Session\\Middleware\\StartSession->handle()
#37 /app/vendor/laravel/framework/src/Illuminate/Cookie/Middleware/AddQueuedCookiesToResponse.php(36): Illuminate\\Pipeline\\Pipeline->{closure:{closure:Illuminate\\Pipeline\\Pipeline::carry():183}:184}()
#38 /app/vendor/laravel/framework/src/Illuminate/Pipeline/Pipeline.php(208): Illuminate\\Cookie\\Middleware\\AddQueuedCookiesToResponse->handle()
#39 /app/vendor/laravel/framework/src/Illuminate/Cookie/Middleware/EncryptCookies.php(74): Illuminate\\Pipeline\\Pipeline->{closure:{closure:Illuminate\\Pipeline\\Pipeline::carry():183}:184}()
#40 /app/vendor/laravel/framework/src/Illuminate/Pipeline/Pipeline.php(208): Illuminate\\Cookie\\Middleware\\EncryptCookies->handle()
#41 /app/vendor/laravel/framework/src/Illuminate/Pipeline/Pipeline.php(126): Illuminate\\Pipeline\\Pipeline->{closure:{closure:Illuminate\\Pipeline\\Pipeline::carry():183}:184}()
#42 /app/vendor/laravel/framework/src/Illuminate/Routing/Router.php(807): Illuminate\\Pipeline\\Pipeline->then()
#43 /app/vendor/laravel/framework/src/Illuminate/Routing/Router.php(786): Illuminate\\Routing\\Router->runRouteWithinStack()
#44 /app/vendor/laravel/framework/src/Illuminate/Routing/Router.php(750): Illuminate\\Routing\\Router->runRoute()
#45 /app/vendor/laravel/framework/src/Illuminate/Routing/Router.php(739): Illuminate\\Routing\\Router->dispatchToRoute()
#46 /app/vendor/laravel/framework/src/Illuminate/Foundation/Http/Kernel.php(200): Illuminate\\Routing\\Router->dispatch()
#47 /app/vendor/laravel/framework/src/Illuminate/Pipeline/Pipeline.php(169): Illuminate\\Foundation\\Http\\Kernel->{closure:Illuminate\\Foundation\\Http\\Kernel::dispatchToRouter():197}()
#48 /app/vendor/laravel/framework/src/Illuminate/Foundation/Http/Middleware/TransformsRequest.php(21): Illuminate\\Pipeline\\Pipeline->{closure:Illuminate\\Pipeline\\Pipeline::prepareDestination():167}()
#49 /app/vendor/laravel/framework/src/Illuminate/Foundation/Http/Middleware/ConvertEmptyStringsToNull.php(31): Illuminate\\Foundation\\Http\\Middleware\\TransformsRequest->handle()
#50 /app/vendor/laravel/framework/src/Illuminate/Pipeline/Pipeline.php(208): Illuminate\\Foundation\\Http\\Middleware\\ConvertEmptyStringsToNull->handle()
#51 /app/vendor/laravel/framework/src/Illuminate/Foundation/Http/Middleware/TransformsRequest.php(21): Illuminate\\Pipeline\\Pipeline->{closure:{closure:Illuminate\\Pipeline\\Pipeline::carry():183}:184}()
#52 /app/vendor/laravel/framework/src/Illuminate/Foundation/Http/Middleware/TrimStrings.php(51): Illuminate\\Foundation\\Http\\Middleware\\TransformsRequest->handle()
#53 /app/vendor/laravel/framework/src/Illuminate/Pipeline/Pipeline.php(208): Illuminate\\Foundation\\Http\\Middleware\\TrimStrings->handle()
#54 /app/vendor/laravel/framework/src/Illuminate/Http/Middleware/ValidatePostSize.php(27): Illuminate\\Pipeline\\Pipeline->{closure:{closure:Illuminate\\Pipeline\\Pipeline::carry():183}:184}()
#55 /app/vendor/laravel/framework/src/Illuminate/Pipeline/Pipeline.php(208): Illuminate\\Http\\Middleware\\ValidatePostSize->handle()
#56 /app/vendor/laravel/framework/src/Illuminate/Foundation/Http/Middleware/PreventRequestsDuringMaintenance.php(109): Illuminate\\Pipeline\\Pipeline->{closure:{closure:Illuminate\\Pipeline\\Pipeline::carry():183}:184}()
#57 /app/vendor/laravel/framework/src/Illuminate/Pipeline/Pipeline.php(208): Illuminate\\Foundation\\Http\\Middleware\\PreventRequestsDuringMaintenance->handle()
#58 /app/vendor/laravel/framework/src/Illuminate/Http/Middleware/HandleCors.php(48): Illuminate\\Pipeline\\Pipeline->{closure:{closure:Illuminate\\Pipeline\\Pipeline::carry():183}:184}()
#59 /app/vendor/laravel/framework/src/Illuminate/Pipeline/Pipeline.php(208): Illuminate\\Http\\Middleware\\HandleCors->handle()
#60 /app/vendor/laravel/framework/src/Illuminate/Http/Middleware/TrustProxies.php(58): Illuminate\\Pipeline\\Pipeline->{closure:{closure:Illuminate\\Pipeline\\Pipeline::carry():183}:184}()
#61 /app/vendor/laravel/framework/src/Illuminate/Pipeline/Pipeline.php(208): Illuminate\\Http\\Middleware\\TrustProxies->handle()
#62 /app/vendor/laravel/framework/src/Illuminate/Foundation/Http/Middleware/InvokeDeferredCallbacks.php(22): Illuminate\\Pipeline\\Pipeline->{closure:{closure:Illuminate\\Pipeline\\Pipeline::carry():183}:184}()
#63 /app/vendor/laravel/framework/src/Illuminate/Pipeline/Pipeline.php(208): Illuminate\\Foundation\\Http\\Middleware\\InvokeDeferredCallbacks->handle()
#64 /app/vendor/laravel/framework/src/Illuminate/Http/Middleware/ValidatePathEncoding.php(26): Illuminate\\Pipeline\\Pipeline->{closure:{closure:Illuminate\\Pipeline\\Pipeline::carry():183}:184}()
#65 /app/vendor/laravel/framework/src/Illuminate/Pipeline/Pipeline.php(208): Illuminate\\Http\\Middleware\\ValidatePathEncoding->handle()
#66 /app/vendor/laravel/framework/src/Illuminate/Pipeline/Pipeline.php(126): Illuminate\\Pipeline\\Pipeline->{closure:{closure:Illuminate\\Pipeline\\Pipeline::carry():183}:184}()
#67 /app/vendor/laravel/framework/src/Illuminate/Foundation/Http/Kernel.php(175): Illuminate\\Pipeline\\Pipeline->then()
#68 /app/vendor/laravel/framework/src/Illuminate/Foundation/Http/Kernel.php(144): Illuminate\\Foundation\\Http\\Kernel->sendRequestThroughRouter()
#69 /app/vendor/laravel/framework/src/Illuminate/Foundation/Application.php(1219): Illuminate\\Foundation\\Http\\Kernel->handle()
#70 /app/public/index.php(17): Illuminate\\Foundation\\Application->handleRequest()
#71 {main}
"} 
[2025-07-13 13:39:25] production.ERROR: ldap_read(): Search: Can't contact LDAP server {"exception":"[object] (LdapRecord\\LdapRecordException(code: 2): ldap_read(): Search: Can't contact LDAP server at /app/vendor/directorytree/ldaprecord/src/LdapRecordException.php:19)
[stacktrace]
#0 /app/vendor/directorytree/ldaprecord/src/HandlesConnection.php(206): LdapRecord\\LdapRecordException::withDetailedError()
#1 /app/vendor/directorytree/ldaprecord/src/Ldap.php(236): LdapRecord\\Ldap->executeFailableOperation()
#2 /app/vendor/directorytree/ldaprecord/src/Query/Builder.php(587): LdapRecord\\Ldap->read()
#3 /app/vendor/directorytree/ldaprecord/src/Connection.php(354): LdapRecord\\Query\\Builder->{closure:LdapRecord\\Query\\Builder::run():576}()
#4 /app/vendor/directorytree/ldaprecord/src/Connection.php(422): LdapRecord\\Connection->runOperationCallback()
#5 /app/vendor/directorytree/ldaprecord/src/Connection.php(404): LdapRecord\\Connection->retry()
#6 /app/vendor/directorytree/ldaprecord/src/Connection.php(314): LdapRecord\\Connection->tryAgainIfCausedByLostConnection()
#7 /app/vendor/directorytree/ldaprecord/src/Query/Builder.php(576): LdapRecord\\Connection->run()
#8 /app/vendor/directorytree/ldaprecord/src/Query/Builder.php(362): LdapRecord\\Query\\Builder->run()
#9 /app/vendor/directorytree/ldaprecord/src/Query/Builder.php(562): LdapRecord\\Query\\Builder->{closure:LdapRecord\\Query\\Builder::query():362}()
#10 /app/vendor/directorytree/ldaprecord/src/Query/Builder.php(364): LdapRecord\\Query\\Builder->getCachedResponse()
#11 /app/vendor/directorytree/ldaprecord/src/Query/Builder.php(201): LdapRecord\\Query\\Builder->query()
#12 /app/vendor/directorytree/ldaprecord/src/Query/Builder.php(218): LdapRecord\\Query\\Builder->{closure:LdapRecord\\Query\\Builder::get():201}()
#13 /app/vendor/directorytree/ldaprecord/src/Query/Builder.php(200): LdapRecord\\Query\\Builder->onceWithColumns()
#14 /app/vendor/directorytree/ldaprecord/src/Query/Builder.php(652): LdapRecord\\Query\\Builder->get()
#15 /app/vendor/directorytree/ldaprecord/src/Query/Model/Builder.php(104): LdapRecord\\Query\\Builder->first()
#16 /app/vendor/directorytree/ldaprecord/src/Query/Builder.php(665): LdapRecord\\Query\\Model\\Builder->first()
#17 /app/vendor/directorytree/ldaprecord/src/Query/Model/Builder.php(112): LdapRecord\\Query\\Builder->firstOrFail()
#18 /app/app/Classes/LDAP/Server.php(254): LdapRecord\\Query\\Model\\Builder->firstOrFail()
#19 /app/app/Classes/LDAP/Server.php(42): App\\Classes\\LDAP\\Server::rootDSE()
#20 /app/app/Http/Middleware/SwapinAuthUser.php(47): App\\Classes\\LDAP\\Server->__construct()
#21 /app/vendor/laravel/framework/src/Illuminate/Pipeline/Pipeline.php(208): App\\Http\\Middleware\\SwapinAuthUser->handle()
#22 /app/app/Http/Middleware/AllowAnonymous.php(26): Illuminate\\Pipeline\\Pipeline->{closure:{closure:Illuminate\\Pipeline\\Pipeline::carry():183}:184}()
#23 /app/vendor/laravel/framework/src/Illuminate/Pipeline/Pipeline.php(208): App\\Http\\Middleware\\AllowAnonymous->handle()
#24 /app/app/Http/Middleware/AcceptLanguage.php(23): Illuminate\\Pipeline\\Pipeline->{closure:{closure:Illuminate\\Pipeline\\Pipeline::carry():183}:184}()
#25 /app/vendor/laravel/framework/src/Illuminate/Pipeline/Pipeline.php(208): App\\Http\\Middleware\\AcceptLanguage->handle()
#26 /app/vendor/laravel/framework/src/Illuminate/Routing/Middleware/SubstituteBindings.php(50): Illuminate\\Pipeline\\Pipeline->{closure:{closure:Illuminate\\Pipeline\\Pipeline::carry():183}:184}()
#27 /app/vendor/laravel/framework/src/Illuminate/Pipeline/Pipeline.php(208): Illuminate\\Routing\\Middleware\\SubstituteBindings->handle()
#28 /app/vendor/laravel/framework/src/Illuminate/Foundation/Http/Middleware/VerifyCsrfToken.php(87): Illuminate\\Pipeline\\Pipeline->{closure:{closure:Illuminate\\Pipeline\\Pipeline::carry():183}:184}()
#29 /app/vendor/laravel/framework/src/Illuminate/Pipeline/Pipeline.php(208): Illuminate\\Foundation\\Http\\Middleware\\VerifyCsrfToken->handle()
#30 /app/vendor/laravel/framework/src/Illuminate/View/Middleware/ShareErrorsFromSession.php(48): Illuminate\\Pipeline\\Pipeline->{closure:{closure:Illuminate\\Pipeline\\Pipeline::carry():183}:184}()
#31 /app/vendor/laravel/framework/src/Illuminate/Pipeline/Pipeline.php(208): Illuminate\\View\\Middleware\\ShareErrorsFromSession->handle()
#32 /app/vendor/laravel/framework/src/Illuminate/Session/Middleware/StartSession.php(120): Illuminate\\Pipeline\\Pipeline->{closure:{closure:Illuminate\\Pipeline\\Pipeline::carry():183}:184}()
#33 /app/vendor/laravel/framework/src/Illuminate/Session/Middleware/StartSession.php(63): Illuminate\\Session\\Middleware\\StartSession->handleStatefulRequest()
#34 /app/vendor/laravel/framework/src/Illuminate/Pipeline/Pipeline.php(208): Illuminate\\Session\\Middleware\\StartSession->handle()
#35 /app/vendor/laravel/framework/src/Illuminate/Cookie/Middleware/AddQueuedCookiesToResponse.php(36): Illuminate\\Pipeline\\Pipeline->{closure:{closure:Illuminate\\Pipeline\\Pipeline::carry():183}:184}()
#36 /app/vendor/laravel/framework/src/Illuminate/Pipeline/Pipeline.php(208): Illuminate\\Cookie\\Middleware\\AddQueuedCookiesToResponse->handle()
#37 /app/vendor/laravel/framework/src/Illuminate/Cookie/Middleware/EncryptCookies.php(74): Illuminate\\Pipeline\\Pipeline->{closure:{closure:Illuminate\\Pipeline\\Pipeline::carry():183}:184}()
#38 /app/vendor/laravel/framework/src/Illuminate/Pipeline/Pipeline.php(208): Illuminate\\Cookie\\Middleware\\EncryptCookies->handle()
#39 /app/vendor/laravel/framework/src/Illuminate/Pipeline/Pipeline.php(126): Illuminate\\Pipeline\\Pipeline->{closure:{closure:Illuminate\\Pipeline\\Pipeline::carry():183}:184}()
#40 /app/vendor/laravel/framework/src/Illuminate/Routing/Router.php(807): Illuminate\\Pipeline\\Pipeline->then()
#41 /app/vendor/laravel/framework/src/Illuminate/Routing/Router.php(786): Illuminate\\Routing\\Router->runRouteWithinStack()
#42 /app/vendor/laravel/framework/src/Illuminate/Routing/Router.php(750): Illuminate\\Routing\\Router->runRoute()
#43 /app/vendor/laravel/framework/src/Illuminate/Routing/Router.php(739): Illuminate\\Routing\\Router->dispatchToRoute()
#44 /app/vendor/laravel/framework/src/Illuminate/Foundation/Http/Kernel.php(200): Illuminate\\Routing\\Router->dispatch()
#45 /app/vendor/laravel/framework/src/Illuminate/Pipeline/Pipeline.php(169): Illuminate\\Foundation\\Http\\Kernel->{closure:Illuminate\\Foundation\\Http\\Kernel::dispatchToRouter():197}()
#46 /app/vendor/laravel/framework/src/Illuminate/Foundation/Http/Middleware/TransformsRequest.php(21): Illuminate\\Pipeline\\Pipeline->{closure:Illuminate\\Pipeline\\Pipeline::prepareDestination():167}()
#47 /app/vendor/laravel/framework/src/Illuminate/Foundation/Http/Middleware/ConvertEmptyStringsToNull.php(31): Illuminate\\Foundation\\Http\\Middleware\\TransformsRequest->handle()
#48 /app/vendor/laravel/framework/src/Illuminate/Pipeline/Pipeline.php(208): Illuminate\\Foundation\\Http\\Middleware\\ConvertEmptyStringsToNull->handle()
#49 /app/vendor/laravel/framework/src/Illuminate/Foundation/Http/Middleware/TransformsRequest.php(21): Illuminate\\Pipeline\\Pipeline->{closure:{closure:Illuminate\\Pipeline\\Pipeline::carry():183}:184}()
#50 /app/vendor/laravel/framework/src/Illuminate/Foundation/Http/Middleware/TrimStrings.php(51): Illuminate\\Foundation\\Http\\Middleware\\TransformsRequest->handle()
#51 /app/vendor/laravel/framework/src/Illuminate/Pipeline/Pipeline.php(208): Illuminate\\Foundation\\Http\\Middleware\\TrimStrings->handle()
#52 /app/vendor/laravel/framework/src/Illuminate/Http/Middleware/ValidatePostSize.php(27): Illuminate\\Pipeline\\Pipeline->{closure:{closure:Illuminate\\Pipeline\\Pipeline::carry():183}:184}()
#53 /app/vendor/laravel/framework/src/Illuminate/Pipeline/Pipeline.php(208): Illuminate\\Http\\Middleware\\ValidatePostSize->handle()
#54 /app/vendor/laravel/framework/src/Illuminate/Foundation/Http/Middleware/PreventRequestsDuringMaintenance.php(109): Illuminate\\Pipeline\\Pipeline->{closure:{closure:Illuminate\\Pipeline\\Pipeline::carry():183}:184}()
#55 /app/vendor/laravel/framework/src/Illuminate/Pipeline/Pipeline.php(208): Illuminate\\Foundation\\Http\\Middleware\\PreventRequestsDuringMaintenance->handle()
#56 /app/vendor/laravel/framework/src/Illuminate/Http/Middleware/HandleCors.php(48): Illuminate\\Pipeline\\Pipeline->{closure:{closure:Illuminate\\Pipeline\\Pipeline::carry():183}:184}()
#57 /app/vendor/laravel/framework/src/Illuminate/Pipeline/Pipeline.php(208): Illuminate\\Http\\Middleware\\HandleCors->handle()
#58 /app/vendor/laravel/framework/src/Illuminate/Http/Middleware/TrustProxies.php(58): Illuminate\\Pipeline\\Pipeline->{closure:{closure:Illuminate\\Pipeline\\Pipeline::carry():183}:184}()
#59 /app/vendor/laravel/framework/src/Illuminate/Pipeline/Pipeline.php(208): Illuminate\\Http\\Middleware\\TrustProxies->handle()
#60 /app/vendor/laravel/framework/src/Illuminate/Foundation/Http/Middleware/InvokeDeferredCallbacks.php(22): Illuminate\\Pipeline\\Pipeline->{closure:{closure:Illuminate\\Pipeline\\Pipeline::carry():183}:184}()
#61 /app/vendor/laravel/framework/src/Illuminate/Pipeline/Pipeline.php(208): Illuminate\\Foundation\\Http\\Middleware\\InvokeDeferredCallbacks->handle()
#62 /app/vendor/laravel/framework/src/Illuminate/Http/Middleware/ValidatePathEncoding.php(26): Illuminate\\Pipeline\\Pipeline->{closure:{closure:Illuminate\\Pipeline\\Pipeline::carry():183}:184}()
#63 /app/vendor/laravel/framework/src/Illuminate/Pipeline/Pipeline.php(208): Illuminate\\Http\\Middleware\\ValidatePathEncoding->handle()
#64 /app/vendor/laravel/framework/src/Illuminate/Pipeline/Pipeline.php(126): Illuminate\\Pipeline\\Pipeline->{closure:{closure:Illuminate\\Pipeline\\Pipeline::carry():183}:184}()
#65 /app/vendor/laravel/framework/src/Illuminate/Foundation/Http/Kernel.php(175): Illuminate\\Pipeline\\Pipeline->then()
#66 /app/vendor/laravel/framework/src/Illuminate/Foundation/Http/Kernel.php(144): Illuminate\\Foundation\\Http\\Kernel->sendRequestThroughRouter()
#67 /app/vendor/laravel/framework/src/Illuminate/Foundation/Application.php(1219): Illuminate\\Foundation\\Http\\Kernel->handle()
#68 /app/public/index.php(17): Illuminate\\Foundation\\Application->handleRequest()
#69 {main}

[previous exception] [object] (ErrorException(code: 2): ldap_read(): Search: Can't contact LDAP server at /app/vendor/directorytree/ldaprecord/src/Ldap.php:246)
[stacktrace]
#0 [internal function]: LdapRecord\\Ldap->{closure:LdapRecord\\HandlesConnection::executeFailableOperation():184}()
#1 /app/vendor/directorytree/ldaprecord/src/Ldap.php(246): ldap_read()
#2 /app/vendor/directorytree/ldaprecord/src/HandlesConnection.php(193): LdapRecord\\Ldap->{closure:LdapRecord\\Ldap::read():236}()
#3 /app/vendor/directorytree/ldaprecord/src/Ldap.php(236): LdapRecord\\Ldap->executeFailableOperation()
#4 /app/vendor/directorytree/ldaprecord/src/Query/Builder.php(587): LdapRecord\\Ldap->read()
#5 /app/vendor/directorytree/ldaprecord/src/Connection.php(354): LdapRecord\\Query\\Builder->{closure:LdapRecord\\Query\\Builder::run():576}()
#6 /app/vendor/directorytree/ldaprecord/src/Connection.php(422): LdapRecord\\Connection->runOperationCallback()
#7 /app/vendor/directorytree/ldaprecord/src/Connection.php(404): LdapRecord\\Connection->retry()
#8 /app/vendor/directorytree/ldaprecord/src/Connection.php(314): LdapRecord\\Connection->tryAgainIfCausedByLostConnection()
#9 /app/vendor/directorytree/ldaprecord/src/Query/Builder.php(576): LdapRecord\\Connection->run()
#10 /app/vendor/directorytree/ldaprecord/src/Query/Builder.php(362): LdapRecord\\Query\\Builder->run()
#11 /app/vendor/directorytree/ldaprecord/src/Query/Builder.php(562): LdapRecord\\Query\\Builder->{closure:LdapRecord\\Query\\Builder::query():362}()
#12 /app/vendor/directorytree/ldaprecord/src/Query/Builder.php(364): LdapRecord\\Query\\Builder->getCachedResponse()
#13 /app/vendor/directorytree/ldaprecord/src/Query/Builder.php(201): LdapRecord\\Query\\Builder->query()
#14 /app/vendor/directorytree/ldaprecord/src/Query/Builder.php(218): LdapRecord\\Query\\Builder->{closure:LdapRecord\\Query\\Builder::get():201}()
#15 /app/vendor/directorytree/ldaprecord/src/Query/Builder.php(200): LdapRecord\\Query\\Builder->onceWithColumns()
#16 /app/vendor/directorytree/ldaprecord/src/Query/Builder.php(652): LdapRecord\\Query\\Builder->get()
#17 /app/vendor/directorytree/ldaprecord/src/Query/Model/Builder.php(104): LdapRecord\\Query\\Builder->first()
#18 /app/vendor/directorytree/ldaprecord/src/Query/Builder.php(665): LdapRecord\\Query\\Model\\Builder->first()
#19 /app/vendor/directorytree/ldaprecord/src/Query/Model/Builder.php(112): LdapRecord\\Query\\Builder->firstOrFail()
#20 /app/app/Classes/LDAP/Server.php(254): LdapRecord\\Query\\Model\\Builder->firstOrFail()
#21 /app/app/Classes/LDAP/Server.php(42): App\\Classes\\LDAP\\Server::rootDSE()
#22 /app/app/Http/Middleware/SwapinAuthUser.php(47): App\\Classes\\LDAP\\Server->__construct()
#23 /app/vendor/laravel/framework/src/Illuminate/Pipeline/Pipeline.php(208): App\\Http\\Middleware\\SwapinAuthUser->handle()
#24 /app/app/Http/Middleware/AllowAnonymous.php(26): Illuminate\\Pipeline\\Pipeline->{closure:{closure:Illuminate\\Pipeline\\Pipeline::carry():183}:184}()
#25 /app/vendor/laravel/framework/src/Illuminate/Pipeline/Pipeline.php(208): App\\Http\\Middleware\\AllowAnonymous->handle()
#26 /app/app/Http/Middleware/AcceptLanguage.php(23): Illuminate\\Pipeline\\Pipeline->{closure:{closure:Illuminate\\Pipeline\\Pipeline::carry():183}:184}()
#27 /app/vendor/laravel/framework/src/Illuminate/Pipeline/Pipeline.php(208): App\\Http\\Middleware\\AcceptLanguage->handle()
#28 /app/vendor/laravel/framework/src/Illuminate/Routing/Middleware/SubstituteBindings.php(50): Illuminate\\Pipeline\\Pipeline->{closure:{closure:Illuminate\\Pipeline\\Pipeline::carry():183}:184}()
#29 /app/vendor/laravel/framework/src/Illuminate/Pipeline/Pipeline.php(208): Illuminate\\Routing\\Middleware\\SubstituteBindings->handle()
#30 /app/vendor/laravel/framework/src/Illuminate/Foundation/Http/Middleware/VerifyCsrfToken.php(87): Illuminate\\Pipeline\\Pipeline->{closure:{closure:Illuminate\\Pipeline\\Pipeline::carry():183}:184}()
#31 /app/vendor/laravel/framework/src/Illuminate/Pipeline/Pipeline.php(208): Illuminate\\Foundation\\Http\\Middleware\\VerifyCsrfToken->handle()
#32 /app/vendor/laravel/framework/src/Illuminate/View/Middleware/ShareErrorsFromSession.php(48): Illuminate\\Pipeline\\Pipeline->{closure:{closure:Illuminate\\Pipeline\\Pipeline::carry():183}:184}()
#33 /app/vendor/laravel/framework/src/Illuminate/Pipeline/Pipeline.php(208): Illuminate\\View\\Middleware\\ShareErrorsFromSession->handle()
#34 /app/vendor/laravel/framework/src/Illuminate/Session/Middleware/StartSession.php(120): Illuminate\\Pipeline\\Pipeline->{closure:{closure:Illuminate\\Pipeline\\Pipeline::carry():183}:184}()
#35 /app/vendor/laravel/framework/src/Illuminate/Session/Middleware/StartSession.php(63): Illuminate\\Session\\Middleware\\StartSession->handleStatefulRequest()
#36 /app/vendor/laravel/framework/src/Illuminate/Pipeline/Pipeline.php(208): Illuminate\\Session\\Middleware\\StartSession->handle()
#37 /app/vendor/laravel/framework/src/Illuminate/Cookie/Middleware/AddQueuedCookiesToResponse.php(36): Illuminate\\Pipeline\\Pipeline->{closure:{closure:Illuminate\\Pipeline\\Pipeline::carry():183}:184}()
#38 /app/vendor/laravel/framework/src/Illuminate/Pipeline/Pipeline.php(208): Illuminate\\Cookie\\Middleware\\AddQueuedCookiesToResponse->handle()
#39 /app/vendor/laravel/framework/src/Illuminate/Cookie/Middleware/EncryptCookies.php(74): Illuminate\\Pipeline\\Pipeline->{closure:{closure:Illuminate\\Pipeline\\Pipeline::carry():183}:184}()
#40 /app/vendor/laravel/framework/src/Illuminate/Pipeline/Pipeline.php(208): Illuminate\\Cookie\\Middleware\\EncryptCookies->handle()
#41 /app/vendor/laravel/framework/src/Illuminate/Pipeline/Pipeline.php(126): Illuminate\\Pipeline\\Pipeline->{closure:{closure:Illuminate\\Pipeline\\Pipeline::carry():183}:184}()
#42 /app/vendor/laravel/framework/src/Illuminate/Routing/Router.php(807): Illuminate\\Pipeline\\Pipeline->then()
#43 /app/vendor/laravel/framework/src/Illuminate/Routing/Router.php(786): Illuminate\\Routing\\Router->runRouteWithinStack()
#44 /app/vendor/laravel/framework/src/Illuminate/Routing/Router.php(750): Illuminate\\Routing\\Router->runRoute()
#45 /app/vendor/laravel/framework/src/Illuminate/Routing/Router.php(739): Illuminate\\Routing\\Router->dispatchToRoute()
#46 /app/vendor/laravel/framework/src/Illuminate/Foundation/Http/Kernel.php(200): Illuminate\\Routing\\Router->dispatch()
#47 /app/vendor/laravel/framework/src/Illuminate/Pipeline/Pipeline.php(169): Illuminate\\Foundation\\Http\\Kernel->{closure:Illuminate\\Foundation\\Http\\Kernel::dispatchToRouter():197}()
#48 /app/vendor/laravel/framework/src/Illuminate/Foundation/Http/Middleware/TransformsRequest.php(21): Illuminate\\Pipeline\\Pipeline->{closure:Illuminate\\Pipeline\\Pipeline::prepareDestination():167}()
#49 /app/vendor/laravel/framework/src/Illuminate/Foundation/Http/Middleware/ConvertEmptyStringsToNull.php(31): Illuminate\\Foundation\\Http\\Middleware\\TransformsRequest->handle()
#50 /app/vendor/laravel/framework/src/Illuminate/Pipeline/Pipeline.php(208): Illuminate\\Foundation\\Http\\Middleware\\ConvertEmptyStringsToNull->handle()
#51 /app/vendor/laravel/framework/src/Illuminate/Foundation/Http/Middleware/TransformsRequest.php(21): Illuminate\\Pipeline\\Pipeline->{closure:{closure:Illuminate\\Pipeline\\Pipeline::carry():183}:184}()
#52 /app/vendor/laravel/framework/src/Illuminate/Foundation/Http/Middleware/TrimStrings.php(51): Illuminate\\Foundation\\Http\\Middleware\\TransformsRequest->handle()
#53 /app/vendor/laravel/framework/src/Illuminate/Pipeline/Pipeline.php(208): Illuminate\\Foundation\\Http\\Middleware\\TrimStrings->handle()
#54 /app/vendor/laravel/framework/src/Illuminate/Http/Middleware/ValidatePostSize.php(27): Illuminate\\Pipeline\\Pipeline->{closure:{closure:Illuminate\\Pipeline\\Pipeline::carry():183}:184}()
#55 /app/vendor/laravel/framework/src/Illuminate/Pipeline/Pipeline.php(208): Illuminate\\Http\\Middleware\\ValidatePostSize->handle()
#56 /app/vendor/laravel/framework/src/Illuminate/Foundation/Http/Middleware/PreventRequestsDuringMaintenance.php(109): Illuminate\\Pipeline\\Pipeline->{closure:{closure:Illuminate\\Pipeline\\Pipeline::carry():183}:184}()
#57 /app/vendor/laravel/framework/src/Illuminate/Pipeline/Pipeline.php(208): Illuminate\\Foundation\\Http\\Middleware\\PreventRequestsDuringMaintenance->handle()
#58 /app/vendor/laravel/framework/src/Illuminate/Http/Middleware/HandleCors.php(48): Illuminate\\Pipeline\\Pipeline->{closure:{closure:Illuminate\\Pipeline\\Pipeline::carry():183}:184}()
#59 /app/vendor/laravel/framework/src/Illuminate/Pipeline/Pipeline.php(208): Illuminate\\Http\\Middleware\\HandleCors->handle()
#60 /app/vendor/laravel/framework/src/Illuminate/Http/Middleware/TrustProxies.php(58): Illuminate\\Pipeline\\Pipeline->{closure:{closure:Illuminate\\Pipeline\\Pipeline::carry():183}:184}()
#61 /app/vendor/laravel/framework/src/Illuminate/Pipeline/Pipeline.php(208): Illuminate\\Http\\Middleware\\TrustProxies->handle()
#62 /app/vendor/laravel/framework/src/Illuminate/Foundation/Http/Middleware/InvokeDeferredCallbacks.php(22): Illuminate\\Pipeline\\Pipeline->{closure:{closure:Illuminate\\Pipeline\\Pipeline::carry():183}:184}()
#63 /app/vendor/laravel/framework/src/Illuminate/Pipeline/Pipeline.php(208): Illuminate\\Foundation\\Http\\Middleware\\InvokeDeferredCallbacks->handle()
#64 /app/vendor/laravel/framework/src/Illuminate/Http/Middleware/ValidatePathEncoding.php(26): Illuminate\\Pipeline\\Pipeline->{closure:{closure:Illuminate\\Pipeline\\Pipeline::carry():183}:184}()
#65 /app/vendor/laravel/framework/src/Illuminate/Pipeline/Pipeline.php(208): Illuminate\\Http\\Middleware\\ValidatePathEncoding->handle()
#66 /app/vendor/laravel/framework/src/Illuminate/Pipeline/Pipeline.php(126): Illuminate\\Pipeline\\Pipeline->{closure:{closure:Illuminate\\Pipeline\\Pipeline::carry():183}:184}()
#67 /app/vendor/laravel/framework/src/Illuminate/Foundation/Http/Kernel.php(175): Illuminate\\Pipeline\\Pipeline->then()
#68 /app/vendor/laravel/framework/src/Illuminate/Foundation/Http/Kernel.php(144): Illuminate\\Foundation\\Http\\Kernel->sendRequestThroughRouter()
#69 /app/vendor/laravel/framework/src/Illuminate/Foundation/Application.php(1219): Illuminate\\Foundation\\Http\\Kernel->handle()
#70 /app/public/index.php(17): Illuminate\\Foundation\\Application->handleRequest()
#71 {main}
"} 
[2025-07-13 13:39:25] production.ERROR: ldap_read(): Search: Can't contact LDAP server {"exception":"[object] (LdapRecord\\LdapRecordException(code: 2): ldap_read(): Search: Can't contact LDAP server at /app/vendor/directorytree/ldaprecord/src/LdapRecordException.php:19)
[stacktrace]
#0 /app/vendor/directorytree/ldaprecord/src/HandlesConnection.php(206): LdapRecord\\LdapRecordException::withDetailedError()
#1 /app/vendor/directorytree/ldaprecord/src/Ldap.php(236): LdapRecord\\Ldap->executeFailableOperation()
#2 /app/vendor/directorytree/ldaprecord/src/Query/Builder.php(587): LdapRecord\\Ldap->read()
#3 /app/vendor/directorytree/ldaprecord/src/Connection.php(354): LdapRecord\\Query\\Builder->{closure:LdapRecord\\Query\\Builder::run():576}()
#4 /app/vendor/directorytree/ldaprecord/src/Connection.php(422): LdapRecord\\Connection->runOperationCallback()
#5 /app/vendor/directorytree/ldaprecord/src/Connection.php(404): LdapRecord\\Connection->retry()
#6 /app/vendor/directorytree/ldaprecord/src/Connection.php(314): LdapRecord\\Connection->tryAgainIfCausedByLostConnection()
#7 /app/vendor/directorytree/ldaprecord/src/Query/Builder.php(576): LdapRecord\\Connection->run()
#8 /app/vendor/directorytree/ldaprecord/src/Query/Builder.php(362): LdapRecord\\Query\\Builder->run()
#9 /app/vendor/directorytree/ldaprecord/src/Query/Builder.php(562): LdapRecord\\Query\\Builder->{closure:LdapRecord\\Query\\Builder::query():362}()
#10 /app/vendor/directorytree/ldaprecord/src/Query/Builder.php(364): LdapRecord\\Query\\Builder->getCachedResponse()
#11 /app/vendor/directorytree/ldaprecord/src/Query/Builder.php(201): LdapRecord\\Query\\Builder->query()
#12 /app/vendor/directorytree/ldaprecord/src/Query/Builder.php(218): LdapRecord\\Query\\Builder->{closure:LdapRecord\\Query\\Builder::get():201}()
#13 /app/vendor/directorytree/ldaprecord/src/Query/Builder.php(200): LdapRecord\\Query\\Builder->onceWithColumns()
#14 /app/vendor/directorytree/ldaprecord/src/Query/Builder.php(652): LdapRecord\\Query\\Builder->get()
#15 /app/vendor/directorytree/ldaprecord/src/Query/Model/Builder.php(104): LdapRecord\\Query\\Builder->first()
#16 /app/vendor/directorytree/ldaprecord/src/Query/Builder.php(665): LdapRecord\\Query\\Model\\Builder->first()
#17 /app/vendor/directorytree/ldaprecord/src/Query/Model/Builder.php(112): LdapRecord\\Query\\Builder->firstOrFail()
#18 /app/app/Classes/LDAP/Server.php(254): LdapRecord\\Query\\Model\\Builder->firstOrFail()
#19 /app/app/Classes/LDAP/Server.php(42): App\\Classes\\LDAP\\Server::rootDSE()
#20 /app/app/Http/Middleware/SwapinAuthUser.php(47): App\\Classes\\LDAP\\Server->__construct()
#21 /app/vendor/laravel/framework/src/Illuminate/Pipeline/Pipeline.php(208): App\\Http\\Middleware\\SwapinAuthUser->handle()
#22 /app/app/Http/Middleware/AllowAnonymous.php(26): Illuminate\\Pipeline\\Pipeline->{closure:{closure:Illuminate\\Pipeline\\Pipeline::carry():183}:184}()
#23 /app/vendor/laravel/framework/src/Illuminate/Pipeline/Pipeline.php(208): App\\Http\\Middleware\\AllowAnonymous->handle()
#24 /app/app/Http/Middleware/AcceptLanguage.php(23): Illuminate\\Pipeline\\Pipeline->{closure:{closure:Illuminate\\Pipeline\\Pipeline::carry():183}:184}()
#25 /app/vendor/laravel/framework/src/Illuminate/Pipeline/Pipeline.php(208): App\\Http\\Middleware\\AcceptLanguage->handle()
#26 /app/vendor/laravel/framework/src/Illuminate/Routing/Middleware/SubstituteBindings.php(50): Illuminate\\Pipeline\\Pipeline->{closure:{closure:Illuminate\\Pipeline\\Pipeline::carry():183}:184}()
#27 /app/vendor/laravel/framework/src/Illuminate/Pipeline/Pipeline.php(208): Illuminate\\Routing\\Middleware\\SubstituteBindings->handle()
#28 /app/vendor/laravel/framework/src/Illuminate/Foundation/Http/Middleware/VerifyCsrfToken.php(87): Illuminate\\Pipeline\\Pipeline->{closure:{closure:Illuminate\\Pipeline\\Pipeline::carry():183}:184}()
#29 /app/vendor/laravel/framework/src/Illuminate/Pipeline/Pipeline.php(208): Illuminate\\Foundation\\Http\\Middleware\\VerifyCsrfToken->handle()
#30 /app/vendor/laravel/framework/src/Illuminate/View/Middleware/ShareErrorsFromSession.php(48): Illuminate\\Pipeline\\Pipeline->{closure:{closure:Illuminate\\Pipeline\\Pipeline::carry():183}:184}()
#31 /app/vendor/laravel/framework/src/Illuminate/Pipeline/Pipeline.php(208): Illuminate\\View\\Middleware\\ShareErrorsFromSession->handle()
#32 /app/vendor/laravel/framework/src/Illuminate/Session/Middleware/StartSession.php(120): Illuminate\\Pipeline\\Pipeline->{closure:{closure:Illuminate\\Pipeline\\Pipeline::carry():183}:184}()
#33 /app/vendor/laravel/framework/src/Illuminate/Session/Middleware/StartSession.php(63): Illuminate\\Session\\Middleware\\StartSession->handleStatefulRequest()
#34 /app/vendor/laravel/framework/src/Illuminate/Pipeline/Pipeline.php(208): Illuminate\\Session\\Middleware\\StartSession->handle()
#35 /app/vendor/laravel/framework/src/Illuminate/Cookie/Middleware/AddQueuedCookiesToResponse.php(36): Illuminate\\Pipeline\\Pipeline->{closure:{closure:Illuminate\\Pipeline\\Pipeline::carry():183}:184}()
#36 /app/vendor/laravel/framework/src/Illuminate/Pipeline/Pipeline.php(208): Illuminate\\Cookie\\Middleware\\AddQueuedCookiesToResponse->handle()
#37 /app/vendor/laravel/framework/src/Illuminate/Cookie/Middleware/EncryptCookies.php(74): Illuminate\\Pipeline\\Pipeline->{closure:{closure:Illuminate\\Pipeline\\Pipeline::carry():183}:184}()
#38 /app/vendor/laravel/framework/src/Illuminate/Pipeline/Pipeline.php(208): Illuminate\\Cookie\\Middleware\\EncryptCookies->handle()
#39 /app/vendor/laravel/framework/src/Illuminate/Pipeline/Pipeline.php(126): Illuminate\\Pipeline\\Pipeline->{closure:{closure:Illuminate\\Pipeline\\Pipeline::carry():183}:184}()
#40 /app/vendor/laravel/framework/src/Illuminate/Routing/Router.php(807): Illuminate\\Pipeline\\Pipeline->then()
#41 /app/vendor/laravel/framework/src/Illuminate/Routing/Router.php(786): Illuminate\\Routing\\Router->runRouteWithinStack()
#42 /app/vendor/laravel/framework/src/Illuminate/Routing/Router.php(750): Illuminate\\Routing\\Router->runRoute()
#43 /app/vendor/laravel/framework/src/Illuminate/Routing/Router.php(739): Illuminate\\Routing\\Router->dispatchToRoute()
#44 /app/vendor/laravel/framework/src/Illuminate/Foundation/Http/Kernel.php(200): Illuminate\\Routing\\Router->dispatch()
#45 /app/vendor/laravel/framework/src/Illuminate/Pipeline/Pipeline.php(169): Illuminate\\Foundation\\Http\\Kernel->{closure:Illuminate\\Foundation\\Http\\Kernel::dispatchToRouter():197}()
#46 /app/vendor/laravel/framework/src/Illuminate/Foundation/Http/Middleware/TransformsRequest.php(21): Illuminate\\Pipeline\\Pipeline->{closure:Illuminate\\Pipeline\\Pipeline::prepareDestination():167}()
#47 /app/vendor/laravel/framework/src/Illuminate/Foundation/Http/Middleware/ConvertEmptyStringsToNull.php(31): Illuminate\\Foundation\\Http\\Middleware\\TransformsRequest->handle()
#48 /app/vendor/laravel/framework/src/Illuminate/Pipeline/Pipeline.php(208): Illuminate\\Foundation\\Http\\Middleware\\ConvertEmptyStringsToNull->handle()
#49 /app/vendor/laravel/framework/src/Illuminate/Foundation/Http/Middleware/TransformsRequest.php(21): Illuminate\\Pipeline\\Pipeline->{closure:{closure:Illuminate\\Pipeline\\Pipeline::carry():183}:184}()
#50 /app/vendor/laravel/framework/src/Illuminate/Foundation/Http/Middleware/TrimStrings.php(51): Illuminate\\Foundation\\Http\\Middleware\\TransformsRequest->handle()
#51 /app/vendor/laravel/framework/src/Illuminate/Pipeline/Pipeline.php(208): Illuminate\\Foundation\\Http\\Middleware\\TrimStrings->handle()
#52 /app/vendor/laravel/framework/src/Illuminate/Http/Middleware/ValidatePostSize.php(27): Illuminate\\Pipeline\\Pipeline->{closure:{closure:Illuminate\\Pipeline\\Pipeline::carry():183}:184}()
#53 /app/vendor/laravel/framework/src/Illuminate/Pipeline/Pipeline.php(208): Illuminate\\Http\\Middleware\\ValidatePostSize->handle()
#54 /app/vendor/laravel/framework/src/Illuminate/Foundation/Http/Middleware/PreventRequestsDuringMaintenance.php(109): Illuminate\\Pipeline\\Pipeline->{closure:{closure:Illuminate\\Pipeline\\Pipeline::carry():183}:184}()
#55 /app/vendor/laravel/framework/src/Illuminate/Pipeline/Pipeline.php(208): Illuminate\\Foundation\\Http\\Middleware\\PreventRequestsDuringMaintenance->handle()
#56 /app/vendor/laravel/framework/src/Illuminate/Http/Middleware/HandleCors.php(48): Illuminate\\Pipeline\\Pipeline->{closure:{closure:Illuminate\\Pipeline\\Pipeline::carry():183}:184}()
#57 /app/vendor/laravel/framework/src/Illuminate/Pipeline/Pipeline.php(208): Illuminate\\Http\\Middleware\\HandleCors->handle()
#58 /app/vendor/laravel/framework/src/Illuminate/Http/Middleware/TrustProxies.php(58): Illuminate\\Pipeline\\Pipeline->{closure:{closure:Illuminate\\Pipeline\\Pipeline::carry():183}:184}()
#59 /app/vendor/laravel/framework/src/Illuminate/Pipeline/Pipeline.php(208): Illuminate\\Http\\Middleware\\TrustProxies->handle()
#60 /app/vendor/laravel/framework/src/Illuminate/Foundation/Http/Middleware/InvokeDeferredCallbacks.php(22): Illuminate\\Pipeline\\Pipeline->{closure:{closure:Illuminate\\Pipeline\\Pipeline::carry():183}:184}()
#61 /app/vendor/laravel/framework/src/Illuminate/Pipeline/Pipeline.php(208): Illuminate\\Foundation\\Http\\Middleware\\InvokeDeferredCallbacks->handle()
#62 /app/vendor/laravel/framework/src/Illuminate/Http/Middleware/ValidatePathEncoding.php(26): Illuminate\\Pipeline\\Pipeline->{closure:{closure:Illuminate\\Pipeline\\Pipeline::carry():183}:184}()
#63 /app/vendor/laravel/framework/src/Illuminate/Pipeline/Pipeline.php(208): Illuminate\\Http\\Middleware\\ValidatePathEncoding->handle()
#64 /app/vendor/laravel/framework/src/Illuminate/Pipeline/Pipeline.php(126): Illuminate\\Pipeline\\Pipeline->{closure:{closure:Illuminate\\Pipeline\\Pipeline::carry():183}:184}()
#65 /app/vendor/laravel/framework/src/Illuminate/Foundation/Http/Kernel.php(175): Illuminate\\Pipeline\\Pipeline->then()
#66 /app/vendor/laravel/framework/src/Illuminate/Foundation/Http/Kernel.php(144): Illuminate\\Foundation\\Http\\Kernel->sendRequestThroughRouter()
#67 /app/vendor/laravel/framework/src/Illuminate/Foundation/Application.php(1219): Illuminate\\Foundation\\Http\\Kernel->handle()
#68 /app/public/index.php(17): Illuminate\\Foundation\\Application->handleRequest()
#69 {main}

[previous exception] [object] (ErrorException(code: 2): ldap_read(): Search: Can't contact LDAP server at /app/vendor/directorytree/ldaprecord/src/Ldap.php:246)
[stacktrace]
#0 [internal function]: LdapRecord\\Ldap->{closure:LdapRecord\\HandlesConnection::executeFailableOperation():184}()
#1 /app/vendor/directorytree/ldaprecord/src/Ldap.php(246): ldap_read()
#2 /app/vendor/directorytree/ldaprecord/src/HandlesConnection.php(193): LdapRecord\\Ldap->{closure:LdapRecord\\Ldap::read():236}()
#3 /app/vendor/directorytree/ldaprecord/src/Ldap.php(236): LdapRecord\\Ldap->executeFailableOperation()
#4 /app/vendor/directorytree/ldaprecord/src/Query/Builder.php(587): LdapRecord\\Ldap->read()
#5 /app/vendor/directorytree/ldaprecord/src/Connection.php(354): LdapRecord\\Query\\Builder->{closure:LdapRecord\\Query\\Builder::run():576}()
#6 /app/vendor/directorytree/ldaprecord/src/Connection.php(422): LdapRecord\\Connection->runOperationCallback()
#7 /app/vendor/directorytree/ldaprecord/src/Connection.php(404): LdapRecord\\Connection->retry()
#8 /app/vendor/directorytree/ldaprecord/src/Connection.php(314): LdapRecord\\Connection->tryAgainIfCausedByLostConnection()
#9 /app/vendor/directorytree/ldaprecord/src/Query/Builder.php(576): LdapRecord\\Connection->run()
#10 /app/vendor/directorytree/ldaprecord/src/Query/Builder.php(362): LdapRecord\\Query\\Builder->run()
#11 /app/vendor/directorytree/ldaprecord/src/Query/Builder.php(562): LdapRecord\\Query\\Builder->{closure:LdapRecord\\Query\\Builder::query():362}()
#12 /app/vendor/directorytree/ldaprecord/src/Query/Builder.php(364): LdapRecord\\Query\\Builder->getCachedResponse()
#13 /app/vendor/directorytree/ldaprecord/src/Query/Builder.php(201): LdapRecord\\Query\\Builder->query()
#14 /app/vendor/directorytree/ldaprecord/src/Query/Builder.php(218): LdapRecord\\Query\\Builder->{closure:LdapRecord\\Query\\Builder::get():201}()
#15 /app/vendor/directorytree/ldaprecord/src/Query/Builder.php(200): LdapRecord\\Query\\Builder->onceWithColumns()
#16 /app/vendor/directorytree/ldaprecord/src/Query/Builder.php(652): LdapRecord\\Query\\Builder->get()
#17 /app/vendor/directorytree/ldaprecord/src/Query/Model/Builder.php(104): LdapRecord\\Query\\Builder->first()
#18 /app/vendor/directorytree/ldaprecord/src/Query/Builder.php(665): LdapRecord\\Query\\Model\\Builder->first()
#19 /app/vendor/directorytree/ldaprecord/src/Query/Model/Builder.php(112): LdapRecord\\Query\\Builder->firstOrFail()
#20 /app/app/Classes/LDAP/Server.php(254): LdapRecord\\Query\\Model\\Builder->firstOrFail()
#21 /app/app/Classes/LDAP/Server.php(42): App\\Classes\\LDAP\\Server::rootDSE()
#22 /app/app/Http/Middleware/SwapinAuthUser.php(47): App\\Classes\\LDAP\\Server->__construct()
#23 /app/vendor/laravel/framework/src/Illuminate/Pipeline/Pipeline.php(208): App\\Http\\Middleware\\SwapinAuthUser->handle()
#24 /app/app/Http/Middleware/AllowAnonymous.php(26): Illuminate\\Pipeline\\Pipeline->{closure:{closure:Illuminate\\Pipeline\\Pipeline::carry():183}:184}()
#25 /app/vendor/laravel/framework/src/Illuminate/Pipeline/Pipeline.php(208): App\\Http\\Middleware\\AllowAnonymous->handle()
#26 /app/app/Http/Middleware/AcceptLanguage.php(23): Illuminate\\Pipeline\\Pipeline->{closure:{closure:Illuminate\\Pipeline\\Pipeline::carry():183}:184}()
#27 /app/vendor/laravel/framework/src/Illuminate/Pipeline/Pipeline.php(208): App\\Http\\Middleware\\AcceptLanguage->handle()
#28 /app/vendor/laravel/framework/src/Illuminate/Routing/Middleware/SubstituteBindings.php(50): Illuminate\\Pipeline\\Pipeline->{closure:{closure:Illuminate\\Pipeline\\Pipeline::carry():183}:184}()
#29 /app/vendor/laravel/framework/src/Illuminate/Pipeline/Pipeline.php(208): Illuminate\\Routing\\Middleware\\SubstituteBindings->handle()
#30 /app/vendor/laravel/framework/src/Illuminate/Foundation/Http/Middleware/VerifyCsrfToken.php(87): Illuminate\\Pipeline\\Pipeline->{closure:{closure:Illuminate\\Pipeline\\Pipeline::carry():183}:184}()
#31 /app/vendor/laravel/framework/src/Illuminate/Pipeline/Pipeline.php(208): Illuminate\\Foundation\\Http\\Middleware\\VerifyCsrfToken->handle()
#32 /app/vendor/laravel/framework/src/Illuminate/View/Middleware/ShareErrorsFromSession.php(48): Illuminate\\Pipeline\\Pipeline->{closure:{closure:Illuminate\\Pipeline\\Pipeline::carry():183}:184}()
#33 /app/vendor/laravel/framework/src/Illuminate/Pipeline/Pipeline.php(208): Illuminate\\View\\Middleware\\ShareErrorsFromSession->handle()
#34 /app/vendor/laravel/framework/src/Illuminate/Session/Middleware/StartSession.php(120): Illuminate\\Pipeline\\Pipeline->{closure:{closure:Illuminate\\Pipeline\\Pipeline::carry():183}:184}()
#35 /app/vendor/laravel/framework/src/Illuminate/Session/Middleware/StartSession.php(63): Illuminate\\Session\\Middleware\\StartSession->handleStatefulRequest()
#36 /app/vendor/laravel/framework/src/Illuminate/Pipeline/Pipeline.php(208): Illuminate\\Session\\Middleware\\StartSession->handle()
#37 /app/vendor/laravel/framework/src/Illuminate/Cookie/Middleware/AddQueuedCookiesToResponse.php(36): Illuminate\\Pipeline\\Pipeline->{closure:{closure:Illuminate\\Pipeline\\Pipeline::carry():183}:184}()
#38 /app/vendor/laravel/framework/src/Illuminate/Pipeline/Pipeline.php(208): Illuminate\\Cookie\\Middleware\\AddQueuedCookiesToResponse->handle()
#39 /app/vendor/laravel/framework/src/Illuminate/Cookie/Middleware/EncryptCookies.php(74): Illuminate\\Pipeline\\Pipeline->{closure:{closure:Illuminate\\Pipeline\\Pipeline::carry():183}:184}()
#40 /app/vendor/laravel/framework/src/Illuminate/Pipeline/Pipeline.php(208): Illuminate\\Cookie\\Middleware\\EncryptCookies->handle()
#41 /app/vendor/laravel/framework/src/Illuminate/Pipeline/Pipeline.php(126): Illuminate\\Pipeline\\Pipeline->{closure:{closure:Illuminate\\Pipeline\\Pipeline::carry():183}:184}()
#42 /app/vendor/laravel/framework/src/Illuminate/Routing/Router.php(807): Illuminate\\Pipeline\\Pipeline->then()
#43 /app/vendor/laravel/framework/src/Illuminate/Routing/Router.php(786): Illuminate\\Routing\\Router->runRouteWithinStack()
#44 /app/vendor/laravel/framework/src/Illuminate/Routing/Router.php(750): Illuminate\\Routing\\Router->runRoute()
#45 /app/vendor/laravel/framework/src/Illuminate/Routing/Router.php(739): Illuminate\\Routing\\Router->dispatchToRoute()
#46 /app/vendor/laravel/framework/src/Illuminate/Foundation/Http/Kernel.php(200): Illuminate\\Routing\\Router->dispatch()
#47 /app/vendor/laravel/framework/src/Illuminate/Pipeline/Pipeline.php(169): Illuminate\\Foundation\\Http\\Kernel->{closure:Illuminate\\Foundation\\Http\\Kernel::dispatchToRouter():197}()
#48 /app/vendor/laravel/framework/src/Illuminate/Foundation/Http/Middleware/TransformsRequest.php(21): Illuminate\\Pipeline\\Pipeline->{closure:Illuminate\\Pipeline\\Pipeline::prepareDestination():167}()
#49 /app/vendor/laravel/framework/src/Illuminate/Foundation/Http/Middleware/ConvertEmptyStringsToNull.php(31): Illuminate\\Foundation\\Http\\Middleware\\TransformsRequest->handle()
#50 /app/vendor/laravel/framework/src/Illuminate/Pipeline/Pipeline.php(208): Illuminate\\Foundation\\Http\\Middleware\\ConvertEmptyStringsToNull->handle()
#51 /app/vendor/laravel/framework/src/Illuminate/Foundation/Http/Middleware/TransformsRequest.php(21): Illuminate\\Pipeline\\Pipeline->{closure:{closure:Illuminate\\Pipeline\\Pipeline::carry():183}:184}()
#52 /app/vendor/laravel/framework/src/Illuminate/Foundation/Http/Middleware/TrimStrings.php(51): Illuminate\\Foundation\\Http\\Middleware\\TransformsRequest->handle()
#53 /app/vendor/laravel/framework/src/Illuminate/Pipeline/Pipeline.php(208): Illuminate\\Foundation\\Http\\Middleware\\TrimStrings->handle()
#54 /app/vendor/laravel/framework/src/Illuminate/Http/Middleware/ValidatePostSize.php(27): Illuminate\\Pipeline\\Pipeline->{closure:{closure:Illuminate\\Pipeline\\Pipeline::carry():183}:184}()
#55 /app/vendor/laravel/framework/src/Illuminate/Pipeline/Pipeline.php(208): Illuminate\\Http\\Middleware\\ValidatePostSize->handle()
#56 /app/vendor/laravel/framework/src/Illuminate/Foundation/Http/Middleware/PreventRequestsDuringMaintenance.php(109): Illuminate\\Pipeline\\Pipeline->{closure:{closure:Illuminate\\Pipeline\\Pipeline::carry():183}:184}()
#57 /app/vendor/laravel/framework/src/Illuminate/Pipeline/Pipeline.php(208): Illuminate\\Foundation\\Http\\Middleware\\PreventRequestsDuringMaintenance->handle()
#58 /app/vendor/laravel/framework/src/Illuminate/Http/Middleware/HandleCors.php(48): Illuminate\\Pipeline\\Pipeline->{closure:{closure:Illuminate\\Pipeline\\Pipeline::carry():183}:184}()
#59 /app/vendor/laravel/framework/src/Illuminate/Pipeline/Pipeline.php(208): Illuminate\\Http\\Middleware\\HandleCors->handle()
#60 /app/vendor/laravel/framework/src/Illuminate/Http/Middleware/TrustProxies.php(58): Illuminate\\Pipeline\\Pipeline->{closure:{closure:Illuminate\\Pipeline\\Pipeline::carry():183}:184}()
#61 /app/vendor/laravel/framework/src/Illuminate/Pipeline/Pipeline.php(208): Illuminate\\Http\\Middleware\\TrustProxies->handle()
#62 /app/vendor/laravel/framework/src/Illuminate/Foundation/Http/Middleware/InvokeDeferredCallbacks.php(22): Illuminate\\Pipeline\\Pipeline->{closure:{closure:Illuminate\\Pipeline\\Pipeline::carry():183}:184}()
#63 /app/vendor/laravel/framework/src/Illuminate/Pipeline/Pipeline.php(208): Illuminate\\Foundation\\Http\\Middleware\\InvokeDeferredCallbacks->handle()
#64 /app/vendor/laravel/framework/src/Illuminate/Http/Middleware/ValidatePathEncoding.php(26): Illuminate\\Pipeline\\Pipeline->{closure:{closure:Illuminate\\Pipeline\\Pipeline::carry():183}:184}()
#65 /app/vendor/laravel/framework/src/Illuminate/Pipeline/Pipeline.php(208): Illuminate\\Http\\Middleware\\ValidatePathEncoding->handle()
#66 /app/vendor/laravel/framework/src/Illuminate/Pipeline/Pipeline.php(126): Illuminate\\Pipeline\\Pipeline->{closure:{closure:Illuminate\\Pipeline\\Pipeline::carry():183}:184}()
#67 /app/vendor/laravel/framework/src/Illuminate/Foundation/Http/Kernel.php(175): Illuminate\\Pipeline\\Pipeline->then()
#68 /app/vendor/laravel/framework/src/Illuminate/Foundation/Http/Kernel.php(144): Illuminate\\Foundation\\Http\\Kernel->sendRequestThroughRouter()
#69 /app/vendor/laravel/framework/src/Illuminate/Foundation/Application.php(1219): Illuminate\\Foundation\\Http\\Kernel->handle()
#70 /app/public/index.php(17): Illuminate\\Foundation\\Application->handleRequest()
#71 {main}
"} 
[2025-07-13 13:39:25] production.ERROR: ldap_read(): Search: Can't contact LDAP server {"exception":"[object] (LdapRecord\\LdapRecordException(code: 2): ldap_read(): Search: Can't contact LDAP server at /app/vendor/directorytree/ldaprecord/src/LdapRecordException.php:19)
[stacktrace]
#0 /app/vendor/directorytree/ldaprecord/src/HandlesConnection.php(206): LdapRecord\\LdapRecordException::withDetailedError()
#1 /app/vendor/directorytree/ldaprecord/src/Ldap.php(236): LdapRecord\\Ldap->executeFailableOperation()
#2 /app/vendor/directorytree/ldaprecord/src/Query/Builder.php(587): LdapRecord\\Ldap->read()
#3 /app/vendor/directorytree/ldaprecord/src/Connection.php(354): LdapRecord\\Query\\Builder->{closure:LdapRecord\\Query\\Builder::run():576}()
#4 /app/vendor/directorytree/ldaprecord/src/Connection.php(422): LdapRecord\\Connection->runOperationCallback()
#5 /app/vendor/directorytree/ldaprecord/src/Connection.php(404): LdapRecord\\Connection->retry()
#6 /app/vendor/directorytree/ldaprecord/src/Connection.php(314): LdapRecord\\Connection->tryAgainIfCausedByLostConnection()
#7 /app/vendor/directorytree/ldaprecord/src/Query/Builder.php(576): LdapRecord\\Connection->run()
#8 /app/vendor/directorytree/ldaprecord/src/Query/Builder.php(362): LdapRecord\\Query\\Builder->run()
#9 /app/vendor/directorytree/ldaprecord/src/Query/Builder.php(562): LdapRecord\\Query\\Builder->{closure:LdapRecord\\Query\\Builder::query():362}()
#10 /app/vendor/directorytree/ldaprecord/src/Query/Builder.php(364): LdapRecord\\Query\\Builder->getCachedResponse()
#11 /app/vendor/directorytree/ldaprecord/src/Query/Builder.php(201): LdapRecord\\Query\\Builder->query()
#12 /app/vendor/directorytree/ldaprecord/src/Query/Builder.php(218): LdapRecord\\Query\\Builder->{closure:LdapRecord\\Query\\Builder::get():201}()
#13 /app/vendor/directorytree/ldaprecord/src/Query/Builder.php(200): LdapRecord\\Query\\Builder->onceWithColumns()
#14 /app/vendor/directorytree/ldaprecord/src/Query/Builder.php(652): LdapRecord\\Query\\Builder->get()
#15 /app/vendor/directorytree/ldaprecord/src/Query/Model/Builder.php(104): LdapRecord\\Query\\Builder->first()
#16 /app/vendor/directorytree/ldaprecord/src/Query/Builder.php(665): LdapRecord\\Query\\Model\\Builder->first()
#17 /app/vendor/directorytree/ldaprecord/src/Query/Model/Builder.php(112): LdapRecord\\Query\\Builder->firstOrFail()
#18 /app/app/Classes/LDAP/Server.php(254): LdapRecord\\Query\\Model\\Builder->firstOrFail()
#19 /app/app/Classes/LDAP/Server.php(42): App\\Classes\\LDAP\\Server::rootDSE()
#20 /app/app/Http/Middleware/SwapinAuthUser.php(47): App\\Classes\\LDAP\\Server->__construct()
#21 /app/vendor/laravel/framework/src/Illuminate/Pipeline/Pipeline.php(208): App\\Http\\Middleware\\SwapinAuthUser->handle()
#22 /app/app/Http/Middleware/AllowAnonymous.php(26): Illuminate\\Pipeline\\Pipeline->{closure:{closure:Illuminate\\Pipeline\\Pipeline::carry():183}:184}()
#23 /app/vendor/laravel/framework/src/Illuminate/Pipeline/Pipeline.php(208): App\\Http\\Middleware\\AllowAnonymous->handle()
#24 /app/app/Http/Middleware/AcceptLanguage.php(23): Illuminate\\Pipeline\\Pipeline->{closure:{closure:Illuminate\\Pipeline\\Pipeline::carry():183}:184}()
#25 /app/vendor/laravel/framework/src/Illuminate/Pipeline/Pipeline.php(208): App\\Http\\Middleware\\AcceptLanguage->handle()
#26 /app/vendor/laravel/framework/src/Illuminate/Routing/Middleware/SubstituteBindings.php(50): Illuminate\\Pipeline\\Pipeline->{closure:{closure:Illuminate\\Pipeline\\Pipeline::carry():183}:184}()
#27 /app/vendor/laravel/framework/src/Illuminate/Pipeline/Pipeline.php(208): Illuminate\\Routing\\Middleware\\SubstituteBindings->handle()
#28 /app/vendor/laravel/framework/src/Illuminate/Foundation/Http/Middleware/VerifyCsrfToken.php(87): Illuminate\\Pipeline\\Pipeline->{closure:{closure:Illuminate\\Pipeline\\Pipeline::carry():183}:184}()
#29 /app/vendor/laravel/framework/src/Illuminate/Pipeline/Pipeline.php(208): Illuminate\\Foundation\\Http\\Middleware\\VerifyCsrfToken->handle()
#30 /app/vendor/laravel/framework/src/Illuminate/View/Middleware/ShareErrorsFromSession.php(48): Illuminate\\Pipeline\\Pipeline->{closure:{closure:Illuminate\\Pipeline\\Pipeline::carry():183}:184}()
#31 /app/vendor/laravel/framework/src/Illuminate/Pipeline/Pipeline.php(208): Illuminate\\View\\Middleware\\ShareErrorsFromSession->handle()
#32 /app/vendor/laravel/framework/src/Illuminate/Session/Middleware/StartSession.php(120): Illuminate\\Pipeline\\Pipeline->{closure:{closure:Illuminate\\Pipeline\\Pipeline::carry():183}:184}()
#33 /app/vendor/laravel/framework/src/Illuminate/Session/Middleware/StartSession.php(63): Illuminate\\Session\\Middleware\\StartSession->handleStatefulRequest()
#34 /app/vendor/laravel/framework/src/Illuminate/Pipeline/Pipeline.php(208): Illuminate\\Session\\Middleware\\StartSession->handle()
#35 /app/vendor/laravel/framework/src/Illuminate/Cookie/Middleware/AddQueuedCookiesToResponse.php(36): Illuminate\\Pipeline\\Pipeline->{closure:{closure:Illuminate\\Pipeline\\Pipeline::carry():183}:184}()
#36 /app/vendor/laravel/framework/src/Illuminate/Pipeline/Pipeline.php(208): Illuminate\\Cookie\\Middleware\\AddQueuedCookiesToResponse->handle()
#37 /app/vendor/laravel/framework/src/Illuminate/Cookie/Middleware/EncryptCookies.php(74): Illuminate\\Pipeline\\Pipeline->{closure:{closure:Illuminate\\Pipeline\\Pipeline::carry():183}:184}()
#38 /app/vendor/laravel/framework/src/Illuminate/Pipeline/Pipeline.php(208): Illuminate\\Cookie\\Middleware\\EncryptCookies->handle()
#39 /app/vendor/laravel/framework/src/Illuminate/Pipeline/Pipeline.php(126): Illuminate\\Pipeline\\Pipeline->{closure:{closure:Illuminate\\Pipeline\\Pipeline::carry():183}:184}()
#40 /app/vendor/laravel/framework/src/Illuminate/Routing/Router.php(807): Illuminate\\Pipeline\\Pipeline->then()
#41 /app/vendor/laravel/framework/src/Illuminate/Routing/Router.php(786): Illuminate\\Routing\\Router->runRouteWithinStack()
#42 /app/vendor/laravel/framework/src/Illuminate/Routing/Router.php(750): Illuminate\\Routing\\Router->runRoute()
#43 /app/vendor/laravel/framework/src/Illuminate/Routing/Router.php(739): Illuminate\\Routing\\Router->dispatchToRoute()
#44 /app/vendor/laravel/framework/src/Illuminate/Foundation/Http/Kernel.php(200): Illuminate\\Routing\\Router->dispatch()
#45 /app/vendor/laravel/framework/src/Illuminate/Pipeline/Pipeline.php(169): Illuminate\\Foundation\\Http\\Kernel->{closure:Illuminate\\Foundation\\Http\\Kernel::dispatchToRouter():197}()
#46 /app/vendor/laravel/framework/src/Illuminate/Foundation/Http/Middleware/TransformsRequest.php(21): Illuminate\\Pipeline\\Pipeline->{closure:Illuminate\\Pipeline\\Pipeline::prepareDestination():167}()
#47 /app/vendor/laravel/framework/src/Illuminate/Foundation/Http/Middleware/ConvertEmptyStringsToNull.php(31): Illuminate\\Foundation\\Http\\Middleware\\TransformsRequest->handle()
#48 /app/vendor/laravel/framework/src/Illuminate/Pipeline/Pipeline.php(208): Illuminate\\Foundation\\Http\\Middleware\\ConvertEmptyStringsToNull->handle()
#49 /app/vendor/laravel/framework/src/Illuminate/Foundation/Http/Middleware/TransformsRequest.php(21): Illuminate\\Pipeline\\Pipeline->{closure:{closure:Illuminate\\Pipeline\\Pipeline::carry():183}:184}()
#50 /app/vendor/laravel/framework/src/Illuminate/Foundation/Http/Middleware/TrimStrings.php(51): Illuminate\\Foundation\\Http\\Middleware\\TransformsRequest->handle()
#51 /app/vendor/laravel/framework/src/Illuminate/Pipeline/Pipeline.php(208): Illuminate\\Foundation\\Http\\Middleware\\TrimStrings->handle()
#52 /app/vendor/laravel/framework/src/Illuminate/Http/Middleware/ValidatePostSize.php(27): Illuminate\\Pipeline\\Pipeline->{closure:{closure:Illuminate\\Pipeline\\Pipeline::carry():183}:184}()
#53 /app/vendor/laravel/framework/src/Illuminate/Pipeline/Pipeline.php(208): Illuminate\\Http\\Middleware\\ValidatePostSize->handle()
#54 /app/vendor/laravel/framework/src/Illuminate/Foundation/Http/Middleware/PreventRequestsDuringMaintenance.php(109): Illuminate\\Pipeline\\Pipeline->{closure:{closure:Illuminate\\Pipeline\\Pipeline::carry():183}:184}()
#55 /app/vendor/laravel/framework/src/Illuminate/Pipeline/Pipeline.php(208): Illuminate\\Foundation\\Http\\Middleware\\PreventRequestsDuringMaintenance->handle()
#56 /app/vendor/laravel/framework/src/Illuminate/Http/Middleware/HandleCors.php(48): Illuminate\\Pipeline\\Pipeline->{closure:{closure:Illuminate\\Pipeline\\Pipeline::carry():183}:184}()
#57 /app/vendor/laravel/framework/src/Illuminate/Pipeline/Pipeline.php(208): Illuminate\\Http\\Middleware\\HandleCors->handle()
#58 /app/vendor/laravel/framework/src/Illuminate/Http/Middleware/TrustProxies.php(58): Illuminate\\Pipeline\\Pipeline->{closure:{closure:Illuminate\\Pipeline\\Pipeline::carry():183}:184}()
#59 /app/vendor/laravel/framework/src/Illuminate/Pipeline/Pipeline.php(208): Illuminate\\Http\\Middleware\\TrustProxies->handle()
#60 /app/vendor/laravel/framework/src/Illuminate/Foundation/Http/Middleware/InvokeDeferredCallbacks.php(22): Illuminate\\Pipeline\\Pipeline->{closure:{closure:Illuminate\\Pipeline\\Pipeline::carry():183}:184}()
#61 /app/vendor/laravel/framework/src/Illuminate/Pipeline/Pipeline.php(208): Illuminate\\Foundation\\Http\\Middleware\\InvokeDeferredCallbacks->handle()
#62 /app/vendor/laravel/framework/src/Illuminate/Http/Middleware/ValidatePathEncoding.php(26): Illuminate\\Pipeline\\Pipeline->{closure:{closure:Illuminate\\Pipeline\\Pipeline::carry():183}:184}()
#63 /app/vendor/laravel/framework/src/Illuminate/Pipeline/Pipeline.php(208): Illuminate\\Http\\Middleware\\ValidatePathEncoding->handle()
#64 /app/vendor/laravel/framework/src/Illuminate/Pipeline/Pipeline.php(126): Illuminate\\Pipeline\\Pipeline->{closure:{closure:Illuminate\\Pipeline\\Pipeline::carry():183}:184}()
#65 /app/vendor/laravel/framework/src/Illuminate/Foundation/Http/Kernel.php(175): Illuminate\\Pipeline\\Pipeline->then()
#66 /app/vendor/laravel/framework/src/Illuminate/Foundation/Http/Kernel.php(144): Illuminate\\Foundation\\Http\\Kernel->sendRequestThroughRouter()
#67 /app/vendor/laravel/framework/src/Illuminate/Foundation/Application.php(1219): Illuminate\\Foundation\\Http\\Kernel->handle()
#68 /app/public/index.php(17): Illuminate\\Foundation\\Application->handleRequest()
#69 {main}

[previous exception] [object] (ErrorException(code: 2): ldap_read(): Search: Can't contact LDAP server at /app/vendor/directorytree/ldaprecord/src/Ldap.php:246)
[stacktrace]
#0 [internal function]: LdapRecord\\Ldap->{closure:LdapRecord\\HandlesConnection::executeFailableOperation():184}()
#1 /app/vendor/directorytree/ldaprecord/src/Ldap.php(246): ldap_read()
#2 /app/vendor/directorytree/ldaprecord/src/HandlesConnection.php(193): LdapRecord\\Ldap->{closure:LdapRecord\\Ldap::read():236}()
#3 /app/vendor/directorytree/ldaprecord/src/Ldap.php(236): LdapRecord\\Ldap->executeFailableOperation()
#4 /app/vendor/directorytree/ldaprecord/src/Query/Builder.php(587): LdapRecord\\Ldap->read()
#5 /app/vendor/directorytree/ldaprecord/src/Connection.php(354): LdapRecord\\Query\\Builder->{closure:LdapRecord\\Query\\Builder::run():576}()
#6 /app/vendor/directorytree/ldaprecord/src/Connection.php(422): LdapRecord\\Connection->runOperationCallback()
#7 /app/vendor/directorytree/ldaprecord/src/Connection.php(404): LdapRecord\\Connection->retry()
#8 /app/vendor/directorytree/ldaprecord/src/Connection.php(314): LdapRecord\\Connection->tryAgainIfCausedByLostConnection()
#9 /app/vendor/directorytree/ldaprecord/src/Query/Builder.php(576): LdapRecord\\Connection->run()
#10 /app/vendor/directorytree/ldaprecord/src/Query/Builder.php(362): LdapRecord\\Query\\Builder->run()
#11 /app/vendor/directorytree/ldaprecord/src/Query/Builder.php(562): LdapRecord\\Query\\Builder->{closure:LdapRecord\\Query\\Builder::query():362}()
#12 /app/vendor/directorytree/ldaprecord/src/Query/Builder.php(364): LdapRecord\\Query\\Builder->getCachedResponse()
#13 /app/vendor/directorytree/ldaprecord/src/Query/Builder.php(201): LdapRecord\\Query\\Builder->query()
#14 /app/vendor/directorytree/ldaprecord/src/Query/Builder.php(218): LdapRecord\\Query\\Builder->{closure:LdapRecord\\Query\\Builder::get():201}()
#15 /app/vendor/directorytree/ldaprecord/src/Query/Builder.php(200): LdapRecord\\Query\\Builder->onceWithColumns()
#16 /app/vendor/directorytree/ldaprecord/src/Query/Builder.php(652): LdapRecord\\Query\\Builder->get()
#17 /app/vendor/directorytree/ldaprecord/src/Query/Model/Builder.php(104): LdapRecord\\Query\\Builder->first()
#18 /app/vendor/directorytree/ldaprecord/src/Query/Builder.php(665): LdapRecord\\Query\\Model\\Builder->first()
#19 /app/vendor/directorytree/ldaprecord/src/Query/Model/Builder.php(112): LdapRecord\\Query\\Builder->firstOrFail()
#20 /app/app/Classes/LDAP/Server.php(254): LdapRecord\\Query\\Model\\Builder->firstOrFail()
#21 /app/app/Classes/LDAP/Server.php(42): App\\Classes\\LDAP\\Server::rootDSE()
#22 /app/app/Http/Middleware/SwapinAuthUser.php(47): App\\Classes\\LDAP\\Server->__construct()
#23 /app/vendor/laravel/framework/src/Illuminate/Pipeline/Pipeline.php(208): App\\Http\\Middleware\\SwapinAuthUser->handle()
#24 /app/app/Http/Middleware/AllowAnonymous.php(26): Illuminate\\Pipeline\\Pipeline->{closure:{closure:Illuminate\\Pipeline\\Pipeline::carry():183}:184}()
#25 /app/vendor/laravel/framework/src/Illuminate/Pipeline/Pipeline.php(208): App\\Http\\Middleware\\AllowAnonymous->handle()
#26 /app/app/Http/Middleware/AcceptLanguage.php(23): Illuminate\\Pipeline\\Pipeline->{closure:{closure:Illuminate\\Pipeline\\Pipeline::carry():183}:184}()
#27 /app/vendor/laravel/framework/src/Illuminate/Pipeline/Pipeline.php(208): App\\Http\\Middleware\\AcceptLanguage->handle()
#28 /app/vendor/laravel/framework/src/Illuminate/Routing/Middleware/SubstituteBindings.php(50): Illuminate\\Pipeline\\Pipeline->{closure:{closure:Illuminate\\Pipeline\\Pipeline::carry():183}:184}()
#29 /app/vendor/laravel/framework/src/Illuminate/Pipeline/Pipeline.php(208): Illuminate\\Routing\\Middleware\\SubstituteBindings->handle()
#30 /app/vendor/laravel/framework/src/Illuminate/Foundation/Http/Middleware/VerifyCsrfToken.php(87): Illuminate\\Pipeline\\Pipeline->{closure:{closure:Illuminate\\Pipeline\\Pipeline::carry():183}:184}()
#31 /app/vendor/laravel/framework/src/Illuminate/Pipeline/Pipeline.php(208): Illuminate\\Foundation\\Http\\Middleware\\VerifyCsrfToken->handle()
#32 /app/vendor/laravel/framework/src/Illuminate/View/Middleware/ShareErrorsFromSession.php(48): Illuminate\\Pipeline\\Pipeline->{closure:{closure:Illuminate\\Pipeline\\Pipeline::carry():183}:184}()
#33 /app/vendor/laravel/framework/src/Illuminate/Pipeline/Pipeline.php(208): Illuminate\\View\\Middleware\\ShareErrorsFromSession->handle()
#34 /app/vendor/laravel/framework/src/Illuminate/Session/Middleware/StartSession.php(120): Illuminate\\Pipeline\\Pipeline->{closure:{closure:Illuminate\\Pipeline\\Pipeline::carry():183}:184}()
#35 /app/vendor/laravel/framework/src/Illuminate/Session/Middleware/StartSession.php(63): Illuminate\\Session\\Middleware\\StartSession->handleStatefulRequest()
#36 /app/vendor/laravel/framework/src/Illuminate/Pipeline/Pipeline.php(208): Illuminate\\Session\\Middleware\\StartSession->handle()
#37 /app/vendor/laravel/framework/src/Illuminate/Cookie/Middleware/AddQueuedCookiesToResponse.php(36): Illuminate\\Pipeline\\Pipeline->{closure:{closure:Illuminate\\Pipeline\\Pipeline::carry():183}:184}()
#38 /app/vendor/laravel/framework/src/Illuminate/Pipeline/Pipeline.php(208): Illuminate\\Cookie\\Middleware\\AddQueuedCookiesToResponse->handle()
#39 /app/vendor/laravel/framework/src/Illuminate/Cookie/Middleware/EncryptCookies.php(74): Illuminate\\Pipeline\\Pipeline->{closure:{closure:Illuminate\\Pipeline\\Pipeline::carry():183}:184}()
#40 /app/vendor/laravel/framework/src/Illuminate/Pipeline/Pipeline.php(208): Illuminate\\Cookie\\Middleware\\EncryptCookies->handle()
#41 /app/vendor/laravel/framework/src/Illuminate/Pipeline/Pipeline.php(126): Illuminate\\Pipeline\\Pipeline->{closure:{closure:Illuminate\\Pipeline\\Pipeline::carry():183}:184}()
#42 /app/vendor/laravel/framework/src/Illuminate/Routing/Router.php(807): Illuminate\\Pipeline\\Pipeline->then()
#43 /app/vendor/laravel/framework/src/Illuminate/Routing/Router.php(786): Illuminate\\Routing\\Router->runRouteWithinStack()
#44 /app/vendor/laravel/framework/src/Illuminate/Routing/Router.php(750): Illuminate\\Routing\\Router->runRoute()
#45 /app/vendor/laravel/framework/src/Illuminate/Routing/Router.php(739): Illuminate\\Routing\\Router->dispatchToRoute()
#46 /app/vendor/laravel/framework/src/Illuminate/Foundation/Http/Kernel.php(200): Illuminate\\Routing\\Router->dispatch()
#47 /app/vendor/laravel/framework/src/Illuminate/Pipeline/Pipeline.php(169): Illuminate\\Foundation\\Http\\Kernel->{closure:Illuminate\\Foundation\\Http\\Kernel::dispatchToRouter():197}()
#48 /app/vendor/laravel/framework/src/Illuminate/Foundation/Http/Middleware/TransformsRequest.php(21): Illuminate\\Pipeline\\Pipeline->{closure:Illuminate\\Pipeline\\Pipeline::prepareDestination():167}()
#49 /app/vendor/laravel/framework/src/Illuminate/Foundation/Http/Middleware/ConvertEmptyStringsToNull.php(31): Illuminate\\Foundation\\Http\\Middleware\\TransformsRequest->handle()
#50 /app/vendor/laravel/framework/src/Illuminate/Pipeline/Pipeline.php(208): Illuminate\\Foundation\\Http\\Middleware\\ConvertEmptyStringsToNull->handle()
#51 /app/vendor/laravel/framework/src/Illuminate/Foundation/Http/Middleware/TransformsRequest.php(21): Illuminate\\Pipeline\\Pipeline->{closure:{closure:Illuminate\\Pipeline\\Pipeline::carry():183}:184}()
#52 /app/vendor/laravel/framework/src/Illuminate/Foundation/Http/Middleware/TrimStrings.php(51): Illuminate\\Foundation\\Http\\Middleware\\TransformsRequest->handle()
#53 /app/vendor/laravel/framework/src/Illuminate/Pipeline/Pipeline.php(208): Illuminate\\Foundation\\Http\\Middleware\\TrimStrings->handle()
#54 /app/vendor/laravel/framework/src/Illuminate/Http/Middleware/ValidatePostSize.php(27): Illuminate\\Pipeline\\Pipeline->{closure:{closure:Illuminate\\Pipeline\\Pipeline::carry():183}:184}()
#55 /app/vendor/laravel/framework/src/Illuminate/Pipeline/Pipeline.php(208): Illuminate\\Http\\Middleware\\ValidatePostSize->handle()
#56 /app/vendor/laravel/framework/src/Illuminate/Foundation/Http/Middleware/PreventRequestsDuringMaintenance.php(109): Illuminate\\Pipeline\\Pipeline->{closure:{closure:Illuminate\\Pipeline\\Pipeline::carry():183}:184}()
#57 /app/vendor/laravel/framework/src/Illuminate/Pipeline/Pipeline.php(208): Illuminate\\Foundation\\Http\\Middleware\\PreventRequestsDuringMaintenance->handle()
#58 /app/vendor/laravel/framework/src/Illuminate/Http/Middleware/HandleCors.php(48): Illuminate\\Pipeline\\Pipeline->{closure:{closure:Illuminate\\Pipeline\\Pipeline::carry():183}:184}()
#59 /app/vendor/laravel/framework/src/Illuminate/Pipeline/Pipeline.php(208): Illuminate\\Http\\Middleware\\HandleCors->handle()
#60 /app/vendor/laravel/framework/src/Illuminate/Http/Middleware/TrustProxies.php(58): Illuminate\\Pipeline\\Pipeline->{closure:{closure:Illuminate\\Pipeline\\Pipeline::carry():183}:184}()
#61 /app/vendor/laravel/framework/src/Illuminate/Pipeline/Pipeline.php(208): Illuminate\\Http\\Middleware\\TrustProxies->handle()
#62 /app/vendor/laravel/framework/src/Illuminate/Foundation/Http/Middleware/InvokeDeferredCallbacks.php(22): Illuminate\\Pipeline\\Pipeline->{closure:{closure:Illuminate\\Pipeline\\Pipeline::carry():183}:184}()
#63 /app/vendor/laravel/framework/src/Illuminate/Pipeline/Pipeline.php(208): Illuminate\\Foundation\\Http\\Middleware\\InvokeDeferredCallbacks->handle()
#64 /app/vendor/laravel/framework/src/Illuminate/Http/Middleware/ValidatePathEncoding.php(26): Illuminate\\Pipeline\\Pipeline->{closure:{closure:Illuminate\\Pipeline\\Pipeline::carry():183}:184}()
#65 /app/vendor/laravel/framework/src/Illuminate/Pipeline/Pipeline.php(208): Illuminate\\Http\\Middleware\\ValidatePathEncoding->handle()
#66 /app/vendor/laravel/framework/src/Illuminate/Pipeline/Pipeline.php(126): Illuminate\\Pipeline\\Pipeline->{closure:{closure:Illuminate\\Pipeline\\Pipeline::carry():183}:184}()
#67 /app/vendor/laravel/framework/src/Illuminate/Foundation/Http/Kernel.php(175): Illuminate\\Pipeline\\Pipeline->then()
#68 /app/vendor/laravel/framework/src/Illuminate/Foundation/Http/Kernel.php(144): Illuminate\\Foundation\\Http\\Kernel->sendRequestThroughRouter()
#69 /app/vendor/laravel/framework/src/Illuminate/Foundation/Application.php(1219): Illuminate\\Foundation\\Http\\Kernel->handle()
#70 /app/public/index.php(17): Illuminate\\Foundation\\Application->handleRequest()
#71 {main}
"} 
[2025-07-13 13:39:26] production.ERROR: ldap_read(): Search: Can't contact LDAP server {"exception":"[object] (LdapRecord\\LdapRecordException(code: 2): ldap_read(): Search: Can't contact LDAP server at /app/vendor/directorytree/ldaprecord/src/LdapRecordException.php:19)
[stacktrace]
#0 /app/vendor/directorytree/ldaprecord/src/HandlesConnection.php(206): LdapRecord\\LdapRecordException::withDetailedError()
#1 /app/vendor/directorytree/ldaprecord/src/Ldap.php(236): LdapRecord\\Ldap->executeFailableOperation()
#2 /app/vendor/directorytree/ldaprecord/src/Query/Builder.php(587): LdapRecord\\Ldap->read()
#3 /app/vendor/directorytree/ldaprecord/src/Connection.php(354): LdapRecord\\Query\\Builder->{closure:LdapRecord\\Query\\Builder::run():576}()
#4 /app/vendor/directorytree/ldaprecord/src/Connection.php(422): LdapRecord\\Connection->runOperationCallback()
#5 /app/vendor/directorytree/ldaprecord/src/Connection.php(404): LdapRecord\\Connection->retry()
#6 /app/vendor/directorytree/ldaprecord/src/Connection.php(314): LdapRecord\\Connection->tryAgainIfCausedByLostConnection()
#7 /app/vendor/directorytree/ldaprecord/src/Query/Builder.php(576): LdapRecord\\Connection->run()
#8 /app/vendor/directorytree/ldaprecord/src/Query/Builder.php(362): LdapRecord\\Query\\Builder->run()
#9 /app/vendor/directorytree/ldaprecord/src/Query/Builder.php(562): LdapRecord\\Query\\Builder->{closure:LdapRecord\\Query\\Builder::query():362}()
#10 /app/vendor/directorytree/ldaprecord/src/Query/Builder.php(364): LdapRecord\\Query\\Builder->getCachedResponse()
#11 /app/vendor/directorytree/ldaprecord/src/Query/Builder.php(201): LdapRecord\\Query\\Builder->query()
#12 /app/vendor/directorytree/ldaprecord/src/Query/Builder.php(218): LdapRecord\\Query\\Builder->{closure:LdapRecord\\Query\\Builder::get():201}()
#13 /app/vendor/directorytree/ldaprecord/src/Query/Builder.php(200): LdapRecord\\Query\\Builder->onceWithColumns()
#14 /app/vendor/directorytree/ldaprecord/src/Query/Builder.php(652): LdapRecord\\Query\\Builder->get()
#15 /app/vendor/directorytree/ldaprecord/src/Query/Model/Builder.php(104): LdapRecord\\Query\\Builder->first()
#16 /app/vendor/directorytree/ldaprecord/src/Query/Builder.php(665): LdapRecord\\Query\\Model\\Builder->first()
#17 /app/vendor/directorytree/ldaprecord/src/Query/Model/Builder.php(112): LdapRecord\\Query\\Builder->firstOrFail()
#18 /app/app/Classes/LDAP/Server.php(254): LdapRecord\\Query\\Model\\Builder->firstOrFail()
#19 /app/app/Classes/LDAP/Server.php(42): App\\Classes\\LDAP\\Server::rootDSE()
#20 /app/app/Http/Middleware/SwapinAuthUser.php(47): App\\Classes\\LDAP\\Server->__construct()
#21 /app/vendor/laravel/framework/src/Illuminate/Pipeline/Pipeline.php(208): App\\Http\\Middleware\\SwapinAuthUser->handle()
#22 /app/app/Http/Middleware/AllowAnonymous.php(26): Illuminate\\Pipeline\\Pipeline->{closure:{closure:Illuminate\\Pipeline\\Pipeline::carry():183}:184}()
#23 /app/vendor/laravel/framework/src/Illuminate/Pipeline/Pipeline.php(208): App\\Http\\Middleware\\AllowAnonymous->handle()
#24 /app/app/Http/Middleware/AcceptLanguage.php(23): Illuminate\\Pipeline\\Pipeline->{closure:{closure:Illuminate\\Pipeline\\Pipeline::carry():183}:184}()
#25 /app/vendor/laravel/framework/src/Illuminate/Pipeline/Pipeline.php(208): App\\Http\\Middleware\\AcceptLanguage->handle()
#26 /app/vendor/laravel/framework/src/Illuminate/Routing/Middleware/SubstituteBindings.php(50): Illuminate\\Pipeline\\Pipeline->{closure:{closure:Illuminate\\Pipeline\\Pipeline::carry():183}:184}()
#27 /app/vendor/laravel/framework/src/Illuminate/Pipeline/Pipeline.php(208): Illuminate\\Routing\\Middleware\\SubstituteBindings->handle()
#28 /app/vendor/laravel/framework/src/Illuminate/Foundation/Http/Middleware/VerifyCsrfToken.php(87): Illuminate\\Pipeline\\Pipeline->{closure:{closure:Illuminate\\Pipeline\\Pipeline::carry():183}:184}()
#29 /app/vendor/laravel/framework/src/Illuminate/Pipeline/Pipeline.php(208): Illuminate\\Foundation\\Http\\Middleware\\VerifyCsrfToken->handle()
#30 /app/vendor/laravel/framework/src/Illuminate/View/Middleware/ShareErrorsFromSession.php(48): Illuminate\\Pipeline\\Pipeline->{closure:{closure:Illuminate\\Pipeline\\Pipeline::carry():183}:184}()
#31 /app/vendor/laravel/framework/src/Illuminate/Pipeline/Pipeline.php(208): Illuminate\\View\\Middleware\\ShareErrorsFromSession->handle()
#32 /app/vendor/laravel/framework/src/Illuminate/Session/Middleware/StartSession.php(120): Illuminate\\Pipeline\\Pipeline->{closure:{closure:Illuminate\\Pipeline\\Pipeline::carry():183}:184}()
#33 /app/vendor/laravel/framework/src/Illuminate/Session/Middleware/StartSession.php(63): Illuminate\\Session\\Middleware\\StartSession->handleStatefulRequest()
#34 /app/vendor/laravel/framework/src/Illuminate/Pipeline/Pipeline.php(208): Illuminate\\Session\\Middleware\\StartSession->handle()
#35 /app/vendor/laravel/framework/src/Illuminate/Cookie/Middleware/AddQueuedCookiesToResponse.php(36): Illuminate\\Pipeline\\Pipeline->{closure:{closure:Illuminate\\Pipeline\\Pipeline::carry():183}:184}()
#36 /app/vendor/laravel/framework/src/Illuminate/Pipeline/Pipeline.php(208): Illuminate\\Cookie\\Middleware\\AddQueuedCookiesToResponse->handle()
#37 /app/vendor/laravel/framework/src/Illuminate/Cookie/Middleware/EncryptCookies.php(74): Illuminate\\Pipeline\\Pipeline->{closure:{closure:Illuminate\\Pipeline\\Pipeline::carry():183}:184}()
#38 /app/vendor/laravel/framework/src/Illuminate/Pipeline/Pipeline.php(208): Illuminate\\Cookie\\Middleware\\EncryptCookies->handle()
#39 /app/vendor/laravel/framework/src/Illuminate/Pipeline/Pipeline.php(126): Illuminate\\Pipeline\\Pipeline->{closure:{closure:Illuminate\\Pipeline\\Pipeline::carry():183}:184}()
#40 /app/vendor/laravel/framework/src/Illuminate/Routing/Router.php(807): Illuminate\\Pipeline\\Pipeline->then()
#41 /app/vendor/laravel/framework/src/Illuminate/Routing/Router.php(786): Illuminate\\Routing\\Router->runRouteWithinStack()
#42 /app/vendor/laravel/framework/src/Illuminate/Routing/Router.php(750): Illuminate\\Routing\\Router->runRoute()
#43 /app/vendor/laravel/framework/src/Illuminate/Routing/Router.php(739): Illuminate\\Routing\\Router->dispatchToRoute()
#44 /app/vendor/laravel/framework/src/Illuminate/Foundation/Http/Kernel.php(200): Illuminate\\Routing\\Router->dispatch()
#45 /app/vendor/laravel/framework/src/Illuminate/Pipeline/Pipeline.php(169): Illuminate\\Foundation\\Http\\Kernel->{closure:Illuminate\\Foundation\\Http\\Kernel::dispatchToRouter():197}()
#46 /app/vendor/laravel/framework/src/Illuminate/Foundation/Http/Middleware/TransformsRequest.php(21): Illuminate\\Pipeline\\Pipeline->{closure:Illuminate\\Pipeline\\Pipeline::prepareDestination():167}()
#47 /app/vendor/laravel/framework/src/Illuminate/Foundation/Http/Middleware/ConvertEmptyStringsToNull.php(31): Illuminate\\Foundation\\Http\\Middleware\\TransformsRequest->handle()
#48 /app/vendor/laravel/framework/src/Illuminate/Pipeline/Pipeline.php(208): Illuminate\\Foundation\\Http\\Middleware\\ConvertEmptyStringsToNull->handle()
#49 /app/vendor/laravel/framework/src/Illuminate/Foundation/Http/Middleware/TransformsRequest.php(21): Illuminate\\Pipeline\\Pipeline->{closure:{closure:Illuminate\\Pipeline\\Pipeline::carry():183}:184}()
#50 /app/vendor/laravel/framework/src/Illuminate/Foundation/Http/Middleware/TrimStrings.php(51): Illuminate\\Foundation\\Http\\Middleware\\TransformsRequest->handle()
#51 /app/vendor/laravel/framework/src/Illuminate/Pipeline/Pipeline.php(208): Illuminate\\Foundation\\Http\\Middleware\\TrimStrings->handle()
#52 /app/vendor/laravel/framework/src/Illuminate/Http/Middleware/ValidatePostSize.php(27): Illuminate\\Pipeline\\Pipeline->{closure:{closure:Illuminate\\Pipeline\\Pipeline::carry():183}:184}()
#53 /app/vendor/laravel/framework/src/Illuminate/Pipeline/Pipeline.php(208): Illuminate\\Http\\Middleware\\ValidatePostSize->handle()
#54 /app/vendor/laravel/framework/src/Illuminate/Foundation/Http/Middleware/PreventRequestsDuringMaintenance.php(109): Illuminate\\Pipeline\\Pipeline->{closure:{closure:Illuminate\\Pipeline\\Pipeline::carry():183}:184}()
#55 /app/vendor/laravel/framework/src/Illuminate/Pipeline/Pipeline.php(208): Illuminate\\Foundation\\Http\\Middleware\\PreventRequestsDuringMaintenance->handle()
#56 /app/vendor/laravel/framework/src/Illuminate/Http/Middleware/HandleCors.php(48): Illuminate\\Pipeline\\Pipeline->{closure:{closure:Illuminate\\Pipeline\\Pipeline::carry():183}:184}()
#57 /app/vendor/laravel/framework/src/Illuminate/Pipeline/Pipeline.php(208): Illuminate\\Http\\Middleware\\HandleCors->handle()
#58 /app/vendor/laravel/framework/src/Illuminate/Http/Middleware/TrustProxies.php(58): Illuminate\\Pipeline\\Pipeline->{closure:{closure:Illuminate\\Pipeline\\Pipeline::carry():183}:184}()
#59 /app/vendor/laravel/framework/src/Illuminate/Pipeline/Pipeline.php(208): Illuminate\\Http\\Middleware\\TrustProxies->handle()
#60 /app/vendor/laravel/framework/src/Illuminate/Foundation/Http/Middleware/InvokeDeferredCallbacks.php(22): Illuminate\\Pipeline\\Pipeline->{closure:{closure:Illuminate\\Pipeline\\Pipeline::carry():183}:184}()
#61 /app/vendor/laravel/framework/src/Illuminate/Pipeline/Pipeline.php(208): Illuminate\\Foundation\\Http\\Middleware\\InvokeDeferredCallbacks->handle()
#62 /app/vendor/laravel/framework/src/Illuminate/Http/Middleware/ValidatePathEncoding.php(26): Illuminate\\Pipeline\\Pipeline->{closure:{closure:Illuminate\\Pipeline\\Pipeline::carry():183}:184}()
#63 /app/vendor/laravel/framework/src/Illuminate/Pipeline/Pipeline.php(208): Illuminate\\Http\\Middleware\\ValidatePathEncoding->handle()
#64 /app/vendor/laravel/framework/src/Illuminate/Pipeline/Pipeline.php(126): Illuminate\\Pipeline\\Pipeline->{closure:{closure:Illuminate\\Pipeline\\Pipeline::carry():183}:184}()
#65 /app/vendor/laravel/framework/src/Illuminate/Foundation/Http/Kernel.php(175): Illuminate\\Pipeline\\Pipeline->then()
#66 /app/vendor/laravel/framework/src/Illuminate/Foundation/Http/Kernel.php(144): Illuminate\\Foundation\\Http\\Kernel->sendRequestThroughRouter()
#67 /app/vendor/laravel/framework/src/Illuminate/Foundation/Application.php(1219): Illuminate\\Foundation\\Http\\Kernel->handle()
#68 /app/public/index.php(17): Illuminate\\Foundation\\Application->handleRequest()
#69 {main}

[previous exception] [object] (ErrorException(code: 2): ldap_read(): Search: Can't contact LDAP server at /app/vendor/directorytree/ldaprecord/src/Ldap.php:246)
[stacktrace]
#0 [internal function]: LdapRecord\\Ldap->{closure:LdapRecord\\HandlesConnection::executeFailableOperation():184}()
#1 /app/vendor/directorytree/ldaprecord/src/Ldap.php(246): ldap_read()
#2 /app/vendor/directorytree/ldaprecord/src/HandlesConnection.php(193): LdapRecord\\Ldap->{closure:LdapRecord\\Ldap::read():236}()
#3 /app/vendor/directorytree/ldaprecord/src/Ldap.php(236): LdapRecord\\Ldap->executeFailableOperation()
#4 /app/vendor/directorytree/ldaprecord/src/Query/Builder.php(587): LdapRecord\\Ldap->read()
#5 /app/vendor/directorytree/ldaprecord/src/Connection.php(354): LdapRecord\\Query\\Builder->{closure:LdapRecord\\Query\\Builder::run():576}()
#6 /app/vendor/directorytree/ldaprecord/src/Connection.php(422): LdapRecord\\Connection->runOperationCallback()
#7 /app/vendor/directorytree/ldaprecord/src/Connection.php(404): LdapRecord\\Connection->retry()
#8 /app/vendor/directorytree/ldaprecord/src/Connection.php(314): LdapRecord\\Connection->tryAgainIfCausedByLostConnection()
#9 /app/vendor/directorytree/ldaprecord/src/Query/Builder.php(576): LdapRecord\\Connection->run()
#10 /app/vendor/directorytree/ldaprecord/src/Query/Builder.php(362): LdapRecord\\Query\\Builder->run()
#11 /app/vendor/directorytree/ldaprecord/src/Query/Builder.php(562): LdapRecord\\Query\\Builder->{closure:LdapRecord\\Query\\Builder::query():362}()
#12 /app/vendor/directorytree/ldaprecord/src/Query/Builder.php(364): LdapRecord\\Query\\Builder->getCachedResponse()
#13 /app/vendor/directorytree/ldaprecord/src/Query/Builder.php(201): LdapRecord\\Query\\Builder->query()
#14 /app/vendor/directorytree/ldaprecord/src/Query/Builder.php(218): LdapRecord\\Query\\Builder->{closure:LdapRecord\\Query\\Builder::get():201}()
#15 /app/vendor/directorytree/ldaprecord/src/Query/Builder.php(200): LdapRecord\\Query\\Builder->onceWithColumns()
#16 /app/vendor/directorytree/ldaprecord/src/Query/Builder.php(652): LdapRecord\\Query\\Builder->get()
#17 /app/vendor/directorytree/ldaprecord/src/Query/Model/Builder.php(104): LdapRecord\\Query\\Builder->first()
#18 /app/vendor/directorytree/ldaprecord/src/Query/Builder.php(665): LdapRecord\\Query\\Model\\Builder->first()
#19 /app/vendor/directorytree/ldaprecord/src/Query/Model/Builder.php(112): LdapRecord\\Query\\Builder->firstOrFail()
#20 /app/app/Classes/LDAP/Server.php(254): LdapRecord\\Query\\Model\\Builder->firstOrFail()
#21 /app/app/Classes/LDAP/Server.php(42): App\\Classes\\LDAP\\Server::rootDSE()
#22 /app/app/Http/Middleware/SwapinAuthUser.php(47): App\\Classes\\LDAP\\Server->__construct()
#23 /app/vendor/laravel/framework/src/Illuminate/Pipeline/Pipeline.php(208): App\\Http\\Middleware\\SwapinAuthUser->handle()
#24 /app/app/Http/Middleware/AllowAnonymous.php(26): Illuminate\\Pipeline\\Pipeline->{closure:{closure:Illuminate\\Pipeline\\Pipeline::carry():183}:184}()
#25 /app/vendor/laravel/framework/src/Illuminate/Pipeline/Pipeline.php(208): App\\Http\\Middleware\\AllowAnonymous->handle()
#26 /app/app/Http/Middleware/AcceptLanguage.php(23): Illuminate\\Pipeline\\Pipeline->{closure:{closure:Illuminate\\Pipeline\\Pipeline::carry():183}:184}()
#27 /app/vendor/laravel/framework/src/Illuminate/Pipeline/Pipeline.php(208): App\\Http\\Middleware\\AcceptLanguage->handle()
#28 /app/vendor/laravel/framework/src/Illuminate/Routing/Middleware/SubstituteBindings.php(50): Illuminate\\Pipeline\\Pipeline->{closure:{closure:Illuminate\\Pipeline\\Pipeline::carry():183}:184}()
#29 /app/vendor/laravel/framework/src/Illuminate/Pipeline/Pipeline.php(208): Illuminate\\Routing\\Middleware\\SubstituteBindings->handle()
#30 /app/vendor/laravel/framework/src/Illuminate/Foundation/Http/Middleware/VerifyCsrfToken.php(87): Illuminate\\Pipeline\\Pipeline->{closure:{closure:Illuminate\\Pipeline\\Pipeline::carry():183}:184}()
#31 /app/vendor/laravel/framework/src/Illuminate/Pipeline/Pipeline.php(208): Illuminate\\Foundation\\Http\\Middleware\\VerifyCsrfToken->handle()
#32 /app/vendor/laravel/framework/src/Illuminate/View/Middleware/ShareErrorsFromSession.php(48): Illuminate\\Pipeline\\Pipeline->{closure:{closure:Illuminate\\Pipeline\\Pipeline::carry():183}:184}()
#33 /app/vendor/laravel/framework/src/Illuminate/Pipeline/Pipeline.php(208): Illuminate\\View\\Middleware\\ShareErrorsFromSession->handle()
#34 /app/vendor/laravel/framework/src/Illuminate/Session/Middleware/StartSession.php(120): Illuminate\\Pipeline\\Pipeline->{closure:{closure:Illuminate\\Pipeline\\Pipeline::carry():183}:184}()
#35 /app/vendor/laravel/framework/src/Illuminate/Session/Middleware/StartSession.php(63): Illuminate\\Session\\Middleware\\StartSession->handleStatefulRequest()
#36 /app/vendor/laravel/framework/src/Illuminate/Pipeline/Pipeline.php(208): Illuminate\\Session\\Middleware\\StartSession->handle()
#37 /app/vendor/laravel/framework/src/Illuminate/Cookie/Middleware/AddQueuedCookiesToResponse.php(36): Illuminate\\Pipeline\\Pipeline->{closure:{closure:Illuminate\\Pipeline\\Pipeline::carry():183}:184}()
#38 /app/vendor/laravel/framework/src/Illuminate/Pipeline/Pipeline.php(208): Illuminate\\Cookie\\Middleware\\AddQueuedCookiesToResponse->handle()
#39 /app/vendor/laravel/framework/src/Illuminate/Cookie/Middleware/EncryptCookies.php(74): Illuminate\\Pipeline\\Pipeline->{closure:{closure:Illuminate\\Pipeline\\Pipeline::carry():183}:184}()
#40 /app/vendor/laravel/framework/src/Illuminate/Pipeline/Pipeline.php(208): Illuminate\\Cookie\\Middleware\\EncryptCookies->handle()
#41 /app/vendor/laravel/framework/src/Illuminate/Pipeline/Pipeline.php(126): Illuminate\\Pipeline\\Pipeline->{closure:{closure:Illuminate\\Pipeline\\Pipeline::carry():183}:184}()
#42 /app/vendor/laravel/framework/src/Illuminate/Routing/Router.php(807): Illuminate\\Pipeline\\Pipeline->then()
#43 /app/vendor/laravel/framework/src/Illuminate/Routing/Router.php(786): Illuminate\\Routing\\Router->runRouteWithinStack()
#44 /app/vendor/laravel/framework/src/Illuminate/Routing/Router.php(750): Illuminate\\Routing\\Router->runRoute()
#45 /app/vendor/laravel/framework/src/Illuminate/Routing/Router.php(739): Illuminate\\Routing\\Router->dispatchToRoute()
#46 /app/vendor/laravel/framework/src/Illuminate/Foundation/Http/Kernel.php(200): Illuminate\\Routing\\Router->dispatch()
#47 /app/vendor/laravel/framework/src/Illuminate/Pipeline/Pipeline.php(169): Illuminate\\Foundation\\Http\\Kernel->{closure:Illuminate\\Foundation\\Http\\Kernel::dispatchToRouter():197}()
#48 /app/vendor/laravel/framework/src/Illuminate/Foundation/Http/Middleware/TransformsRequest.php(21): Illuminate\\Pipeline\\Pipeline->{closure:Illuminate\\Pipeline\\Pipeline::prepareDestination():167}()
#49 /app/vendor/laravel/framework/src/Illuminate/Foundation/Http/Middleware/ConvertEmptyStringsToNull.php(31): Illuminate\\Foundation\\Http\\Middleware\\TransformsRequest->handle()
#50 /app/vendor/laravel/framework/src/Illuminate/Pipeline/Pipeline.php(208): Illuminate\\Foundation\\Http\\Middleware\\ConvertEmptyStringsToNull->handle()
#51 /app/vendor/laravel/framework/src/Illuminate/Foundation/Http/Middleware/TransformsRequest.php(21): Illuminate\\Pipeline\\Pipeline->{closure:{closure:Illuminate\\Pipeline\\Pipeline::carry():183}:184}()
#52 /app/vendor/laravel/framework/src/Illuminate/Foundation/Http/Middleware/TrimStrings.php(51): Illuminate\\Foundation\\Http\\Middleware\\TransformsRequest->handle()
#53 /app/vendor/laravel/framework/src/Illuminate/Pipeline/Pipeline.php(208): Illuminate\\Foundation\\Http\\Middleware\\TrimStrings->handle()
#54 /app/vendor/laravel/framework/src/Illuminate/Http/Middleware/ValidatePostSize.php(27): Illuminate\\Pipeline\\Pipeline->{closure:{closure:Illuminate\\Pipeline\\Pipeline::carry():183}:184}()
#55 /app/vendor/laravel/framework/src/Illuminate/Pipeline/Pipeline.php(208): Illuminate\\Http\\Middleware\\ValidatePostSize->handle()
#56 /app/vendor/laravel/framework/src/Illuminate/Foundation/Http/Middleware/PreventRequestsDuringMaintenance.php(109): Illuminate\\Pipeline\\Pipeline->{closure:{closure:Illuminate\\Pipeline\\Pipeline::carry():183}:184}()
#57 /app/vendor/laravel/framework/src/Illuminate/Pipeline/Pipeline.php(208): Illuminate\\Foundation\\Http\\Middleware\\PreventRequestsDuringMaintenance->handle()
#58 /app/vendor/laravel/framework/src/Illuminate/Http/Middleware/HandleCors.php(48): Illuminate\\Pipeline\\Pipeline->{closure:{closure:Illuminate\\Pipeline\\Pipeline::carry():183}:184}()
#59 /app/vendor/laravel/framework/src/Illuminate/Pipeline/Pipeline.php(208): Illuminate\\Http\\Middleware\\HandleCors->handle()
#60 /app/vendor/laravel/framework/src/Illuminate/Http/Middleware/TrustProxies.php(58): Illuminate\\Pipeline\\Pipeline->{closure:{closure:Illuminate\\Pipeline\\Pipeline::carry():183}:184}()
#61 /app/vendor/laravel/framework/src/Illuminate/Pipeline/Pipeline.php(208): Illuminate\\Http\\Middleware\\TrustProxies->handle()
#62 /app/vendor/laravel/framework/src/Illuminate/Foundation/Http/Middleware/InvokeDeferredCallbacks.php(22): Illuminate\\Pipeline\\Pipeline->{closure:{closure:Illuminate\\Pipeline\\Pipeline::carry():183}:184}()
#63 /app/vendor/laravel/framework/src/Illuminate/Pipeline/Pipeline.php(208): Illuminate\\Foundation\\Http\\Middleware\\InvokeDeferredCallbacks->handle()
#64 /app/vendor/laravel/framework/src/Illuminate/Http/Middleware/ValidatePathEncoding.php(26): Illuminate\\Pipeline\\Pipeline->{closure:{closure:Illuminate\\Pipeline\\Pipeline::carry():183}:184}()
#65 /app/vendor/laravel/framework/src/Illuminate/Pipeline/Pipeline.php(208): Illuminate\\Http\\Middleware\\ValidatePathEncoding->handle()
#66 /app/vendor/laravel/framework/src/Illuminate/Pipeline/Pipeline.php(126): Illuminate\\Pipeline\\Pipeline->{closure:{closure:Illuminate\\Pipeline\\Pipeline::carry():183}:184}()
#67 /app/vendor/laravel/framework/src/Illuminate/Foundation/Http/Kernel.php(175): Illuminate\\Pipeline\\Pipeline->then()
#68 /app/vendor/laravel/framework/src/Illuminate/Foundation/Http/Kernel.php(144): Illuminate\\Foundation\\Http\\Kernel->sendRequestThroughRouter()
#69 /app/vendor/laravel/framework/src/Illuminate/Foundation/Application.php(1219): Illuminate\\Foundation\\Http\\Kernel->handle()
#70 /app/public/index.php(17): Illuminate\\Foundation\\Application->handleRequest()
#71 {main}
"} 
[2025-07-13 13:39:49] production.ERROR: ldap_read(): Search: Can't contact LDAP server {"exception":"[object] (LdapRecord\\LdapRecordException(code: 2): ldap_read(): Search: Can't contact LDAP server at /app/vendor/directorytree/ldaprecord/src/LdapRecordException.php:19)
[stacktrace]
#0 /app/vendor/directorytree/ldaprecord/src/HandlesConnection.php(206): LdapRecord\\LdapRecordException::withDetailedError()
#1 /app/vendor/directorytree/ldaprecord/src/Ldap.php(236): LdapRecord\\Ldap->executeFailableOperation()
#2 /app/vendor/directorytree/ldaprecord/src/Query/Builder.php(587): LdapRecord\\Ldap->read()
#3 /app/vendor/directorytree/ldaprecord/src/Connection.php(354): LdapRecord\\Query\\Builder->{closure:LdapRecord\\Query\\Builder::run():576}()
#4 /app/vendor/directorytree/ldaprecord/src/Connection.php(422): LdapRecord\\Connection->runOperationCallback()
#5 /app/vendor/directorytree/ldaprecord/src/Connection.php(404): LdapRecord\\Connection->retry()
#6 /app/vendor/directorytree/ldaprecord/src/Connection.php(314): LdapRecord\\Connection->tryAgainIfCausedByLostConnection()
#7 /app/vendor/directorytree/ldaprecord/src/Query/Builder.php(576): LdapRecord\\Connection->run()
#8 /app/vendor/directorytree/ldaprecord/src/Query/Builder.php(362): LdapRecord\\Query\\Builder->run()
#9 /app/vendor/directorytree/ldaprecord/src/Query/Builder.php(562): LdapRecord\\Query\\Builder->{closure:LdapRecord\\Query\\Builder::query():362}()
#10 /app/vendor/directorytree/ldaprecord/src/Query/Builder.php(364): LdapRecord\\Query\\Builder->getCachedResponse()
#11 /app/vendor/directorytree/ldaprecord/src/Query/Builder.php(201): LdapRecord\\Query\\Builder->query()
#12 /app/vendor/directorytree/ldaprecord/src/Query/Builder.php(218): LdapRecord\\Query\\Builder->{closure:LdapRecord\\Query\\Builder::get():201}()
#13 /app/vendor/directorytree/ldaprecord/src/Query/Builder.php(200): LdapRecord\\Query\\Builder->onceWithColumns()
#14 /app/vendor/directorytree/ldaprecord/src/Query/Builder.php(652): LdapRecord\\Query\\Builder->get()
#15 /app/vendor/directorytree/ldaprecord/src/Query/Model/Builder.php(104): LdapRecord\\Query\\Builder->first()
#16 /app/vendor/directorytree/ldaprecord/src/Query/Builder.php(665): LdapRecord\\Query\\Model\\Builder->first()
#17 /app/vendor/directorytree/ldaprecord/src/Query/Model/Builder.php(112): LdapRecord\\Query\\Builder->firstOrFail()
#18 /app/app/Classes/LDAP/Server.php(254): LdapRecord\\Query\\Model\\Builder->firstOrFail()
#19 /app/app/Classes/LDAP/Server.php(42): App\\Classes\\LDAP\\Server::rootDSE()
#20 /app/app/Http/Middleware/SwapinAuthUser.php(47): App\\Classes\\LDAP\\Server->__construct()
#21 /app/vendor/laravel/framework/src/Illuminate/Pipeline/Pipeline.php(208): App\\Http\\Middleware\\SwapinAuthUser->handle()
#22 /app/app/Http/Middleware/AllowAnonymous.php(26): Illuminate\\Pipeline\\Pipeline->{closure:{closure:Illuminate\\Pipeline\\Pipeline::carry():183}:184}()
#23 /app/vendor/laravel/framework/src/Illuminate/Pipeline/Pipeline.php(208): App\\Http\\Middleware\\AllowAnonymous->handle()
#24 /app/app/Http/Middleware/AcceptLanguage.php(23): Illuminate\\Pipeline\\Pipeline->{closure:{closure:Illuminate\\Pipeline\\Pipeline::carry():183}:184}()
#25 /app/vendor/laravel/framework/src/Illuminate/Pipeline/Pipeline.php(208): App\\Http\\Middleware\\AcceptLanguage->handle()
#26 /app/vendor/laravel/framework/src/Illuminate/Routing/Middleware/SubstituteBindings.php(50): Illuminate\\Pipeline\\Pipeline->{closure:{closure:Illuminate\\Pipeline\\Pipeline::carry():183}:184}()
#27 /app/vendor/laravel/framework/src/Illuminate/Pipeline/Pipeline.php(208): Illuminate\\Routing\\Middleware\\SubstituteBindings->handle()
#28 /app/vendor/laravel/framework/src/Illuminate/Foundation/Http/Middleware/VerifyCsrfToken.php(87): Illuminate\\Pipeline\\Pipeline->{closure:{closure:Illuminate\\Pipeline\\Pipeline::carry():183}:184}()
#29 /app/vendor/laravel/framework/src/Illuminate/Pipeline/Pipeline.php(208): Illuminate\\Foundation\\Http\\Middleware\\VerifyCsrfToken->handle()
#30 /app/vendor/laravel/framework/src/Illuminate/View/Middleware/ShareErrorsFromSession.php(48): Illuminate\\Pipeline\\Pipeline->{closure:{closure:Illuminate\\Pipeline\\Pipeline::carry():183}:184}()
#31 /app/vendor/laravel/framework/src/Illuminate/Pipeline/Pipeline.php(208): Illuminate\\View\\Middleware\\ShareErrorsFromSession->handle()
#32 /app/vendor/laravel/framework/src/Illuminate/Session/Middleware/StartSession.php(120): Illuminate\\Pipeline\\Pipeline->{closure:{closure:Illuminate\\Pipeline\\Pipeline::carry():183}:184}()
#33 /app/vendor/laravel/framework/src/Illuminate/Session/Middleware/StartSession.php(63): Illuminate\\Session\\Middleware\\StartSession->handleStatefulRequest()
#34 /app/vendor/laravel/framework/src/Illuminate/Pipeline/Pipeline.php(208): Illuminate\\Session\\Middleware\\StartSession->handle()
#35 /app/vendor/laravel/framework/src/Illuminate/Cookie/Middleware/AddQueuedCookiesToResponse.php(36): Illuminate\\Pipeline\\Pipeline->{closure:{closure:Illuminate\\Pipeline\\Pipeline::carry():183}:184}()
#36 /app/vendor/laravel/framework/src/Illuminate/Pipeline/Pipeline.php(208): Illuminate\\Cookie\\Middleware\\AddQueuedCookiesToResponse->handle()
#37 /app/vendor/laravel/framework/src/Illuminate/Cookie/Middleware/EncryptCookies.php(74): Illuminate\\Pipeline\\Pipeline->{closure:{closure:Illuminate\\Pipeline\\Pipeline::carry():183}:184}()
#38 /app/vendor/laravel/framework/src/Illuminate/Pipeline/Pipeline.php(208): Illuminate\\Cookie\\Middleware\\EncryptCookies->handle()
#39 /app/vendor/laravel/framework/src/Illuminate/Pipeline/Pipeline.php(126): Illuminate\\Pipeline\\Pipeline->{closure:{closure:Illuminate\\Pipeline\\Pipeline::carry():183}:184}()
#40 /app/vendor/laravel/framework/src/Illuminate/Routing/Router.php(807): Illuminate\\Pipeline\\Pipeline->then()
#41 /app/vendor/laravel/framework/src/Illuminate/Routing/Router.php(786): Illuminate\\Routing\\Router->runRouteWithinStack()
#42 /app/vendor/laravel/framework/src/Illuminate/Routing/Router.php(750): Illuminate\\Routing\\Router->runRoute()
#43 /app/vendor/laravel/framework/src/Illuminate/Routing/Router.php(739): Illuminate\\Routing\\Router->dispatchToRoute()
#44 /app/vendor/laravel/framework/src/Illuminate/Foundation/Http/Kernel.php(200): Illuminate\\Routing\\Router->dispatch()
#45 /app/vendor/laravel/framework/src/Illuminate/Pipeline/Pipeline.php(169): Illuminate\\Foundation\\Http\\Kernel->{closure:Illuminate\\Foundation\\Http\\Kernel::dispatchToRouter():197}()
#46 /app/vendor/laravel/framework/src/Illuminate/Foundation/Http/Middleware/TransformsRequest.php(21): Illuminate\\Pipeline\\Pipeline->{closure:Illuminate\\Pipeline\\Pipeline::prepareDestination():167}()
#47 /app/vendor/laravel/framework/src/Illuminate/Foundation/Http/Middleware/ConvertEmptyStringsToNull.php(31): Illuminate\\Foundation\\Http\\Middleware\\TransformsRequest->handle()
#48 /app/vendor/laravel/framework/src/Illuminate/Pipeline/Pipeline.php(208): Illuminate\\Foundation\\Http\\Middleware\\ConvertEmptyStringsToNull->handle()
#49 /app/vendor/laravel/framework/src/Illuminate/Foundation/Http/Middleware/TransformsRequest.php(21): Illuminate\\Pipeline\\Pipeline->{closure:{closure:Illuminate\\Pipeline\\Pipeline::carry():183}:184}()
#50 /app/vendor/laravel/framework/src/Illuminate/Foundation/Http/Middleware/TrimStrings.php(51): Illuminate\\Foundation\\Http\\Middleware\\TransformsRequest->handle()
#51 /app/vendor/laravel/framework/src/Illuminate/Pipeline/Pipeline.php(208): Illuminate\\Foundation\\Http\\Middleware\\TrimStrings->handle()
#52 /app/vendor/laravel/framework/src/Illuminate/Http/Middleware/ValidatePostSize.php(27): Illuminate\\Pipeline\\Pipeline->{closure:{closure:Illuminate\\Pipeline\\Pipeline::carry():183}:184}()
#53 /app/vendor/laravel/framework/src/Illuminate/Pipeline/Pipeline.php(208): Illuminate\\Http\\Middleware\\ValidatePostSize->handle()
#54 /app/vendor/laravel/framework/src/Illuminate/Foundation/Http/Middleware/PreventRequestsDuringMaintenance.php(109): Illuminate\\Pipeline\\Pipeline->{closure:{closure:Illuminate\\Pipeline\\Pipeline::carry():183}:184}()
#55 /app/vendor/laravel/framework/src/Illuminate/Pipeline/Pipeline.php(208): Illuminate\\Foundation\\Http\\Middleware\\PreventRequestsDuringMaintenance->handle()
#56 /app/vendor/laravel/framework/src/Illuminate/Http/Middleware/HandleCors.php(48): Illuminate\\Pipeline\\Pipeline->{closure:{closure:Illuminate\\Pipeline\\Pipeline::carry():183}:184}()
#57 /app/vendor/laravel/framework/src/Illuminate/Pipeline/Pipeline.php(208): Illuminate\\Http\\Middleware\\HandleCors->handle()
#58 /app/vendor/laravel/framework/src/Illuminate/Http/Middleware/TrustProxies.php(58): Illuminate\\Pipeline\\Pipeline->{closure:{closure:Illuminate\\Pipeline\\Pipeline::carry():183}:184}()
#59 /app/vendor/laravel/framework/src/Illuminate/Pipeline/Pipeline.php(208): Illuminate\\Http\\Middleware\\TrustProxies->handle()
#60 /app/vendor/laravel/framework/src/Illuminate/Foundation/Http/Middleware/InvokeDeferredCallbacks.php(22): Illuminate\\Pipeline\\Pipeline->{closure:{closure:Illuminate\\Pipeline\\Pipeline::carry():183}:184}()
#61 /app/vendor/laravel/framework/src/Illuminate/Pipeline/Pipeline.php(208): Illuminate\\Foundation\\Http\\Middleware\\InvokeDeferredCallbacks->handle()
#62 /app/vendor/laravel/framework/src/Illuminate/Http/Middleware/ValidatePathEncoding.php(26): Illuminate\\Pipeline\\Pipeline->{closure:{closure:Illuminate\\Pipeline\\Pipeline::carry():183}:184}()
#63 /app/vendor/laravel/framework/src/Illuminate/Pipeline/Pipeline.php(208): Illuminate\\Http\\Middleware\\ValidatePathEncoding->handle()
#64 /app/vendor/laravel/framework/src/Illuminate/Pipeline/Pipeline.php(126): Illuminate\\Pipeline\\Pipeline->{closure:{closure:Illuminate\\Pipeline\\Pipeline::carry():183}:184}()
#65 /app/vendor/laravel/framework/src/Illuminate/Foundation/Http/Kernel.php(175): Illuminate\\Pipeline\\Pipeline->then()
#66 /app/vendor/laravel/framework/src/Illuminate/Foundation/Http/Kernel.php(144): Illuminate\\Foundation\\Http\\Kernel->sendRequestThroughRouter()
#67 /app/vendor/laravel/framework/src/Illuminate/Foundation/Application.php(1219): Illuminate\\Foundation\\Http\\Kernel->handle()
#68 /app/public/index.php(17): Illuminate\\Foundation\\Application->handleRequest()
#69 {main}

[previous exception] [object] (ErrorException(code: 2): ldap_read(): Search: Can't contact LDAP server at /app/vendor/directorytree/ldaprecord/src/Ldap.php:246)
[stacktrace]
#0 [internal function]: LdapRecord\\Ldap->{closure:LdapRecord\\HandlesConnection::executeFailableOperation():184}()
#1 /app/vendor/directorytree/ldaprecord/src/Ldap.php(246): ldap_read()
#2 /app/vendor/directorytree/ldaprecord/src/HandlesConnection.php(193): LdapRecord\\Ldap->{closure:LdapRecord\\Ldap::read():236}()
#3 /app/vendor/directorytree/ldaprecord/src/Ldap.php(236): LdapRecord\\Ldap->executeFailableOperation()
#4 /app/vendor/directorytree/ldaprecord/src/Query/Builder.php(587): LdapRecord\\Ldap->read()
#5 /app/vendor/directorytree/ldaprecord/src/Connection.php(354): LdapRecord\\Query\\Builder->{closure:LdapRecord\\Query\\Builder::run():576}()
#6 /app/vendor/directorytree/ldaprecord/src/Connection.php(422): LdapRecord\\Connection->runOperationCallback()
#7 /app/vendor/directorytree/ldaprecord/src/Connection.php(404): LdapRecord\\Connection->retry()
#8 /app/vendor/directorytree/ldaprecord/src/Connection.php(314): LdapRecord\\Connection->tryAgainIfCausedByLostConnection()
#9 /app/vendor/directorytree/ldaprecord/src/Query/Builder.php(576): LdapRecord\\Connection->run()
#10 /app/vendor/directorytree/ldaprecord/src/Query/Builder.php(362): LdapRecord\\Query\\Builder->run()
#11 /app/vendor/directorytree/ldaprecord/src/Query/Builder.php(562): LdapRecord\\Query\\Builder->{closure:LdapRecord\\Query\\Builder::query():362}()
#12 /app/vendor/directorytree/ldaprecord/src/Query/Builder.php(364): LdapRecord\\Query\\Builder->getCachedResponse()
#13 /app/vendor/directorytree/ldaprecord/src/Query/Builder.php(201): LdapRecord\\Query\\Builder->query()
#14 /app/vendor/directorytree/ldaprecord/src/Query/Builder.php(218): LdapRecord\\Query\\Builder->{closure:LdapRecord\\Query\\Builder::get():201}()
#15 /app/vendor/directorytree/ldaprecord/src/Query/Builder.php(200): LdapRecord\\Query\\Builder->onceWithColumns()
#16 /app/vendor/directorytree/ldaprecord/src/Query/Builder.php(652): LdapRecord\\Query\\Builder->get()
#17 /app/vendor/directorytree/ldaprecord/src/Query/Model/Builder.php(104): LdapRecord\\Query\\Builder->first()
#18 /app/vendor/directorytree/ldaprecord/src/Query/Builder.php(665): LdapRecord\\Query\\Model\\Builder->first()
#19 /app/vendor/directorytree/ldaprecord/src/Query/Model/Builder.php(112): LdapRecord\\Query\\Builder->firstOrFail()
#20 /app/app/Classes/LDAP/Server.php(254): LdapRecord\\Query\\Model\\Builder->firstOrFail()
#21 /app/app/Classes/LDAP/Server.php(42): App\\Classes\\LDAP\\Server::rootDSE()
#22 /app/app/Http/Middleware/SwapinAuthUser.php(47): App\\Classes\\LDAP\\Server->__construct()
#23 /app/vendor/laravel/framework/src/Illuminate/Pipeline/Pipeline.php(208): App\\Http\\Middleware\\SwapinAuthUser->handle()
#24 /app/app/Http/Middleware/AllowAnonymous.php(26): Illuminate\\Pipeline\\Pipeline->{closure:{closure:Illuminate\\Pipeline\\Pipeline::carry():183}:184}()
#25 /app/vendor/laravel/framework/src/Illuminate/Pipeline/Pipeline.php(208): App\\Http\\Middleware\\AllowAnonymous->handle()
#26 /app/app/Http/Middleware/AcceptLanguage.php(23): Illuminate\\Pipeline\\Pipeline->{closure:{closure:Illuminate\\Pipeline\\Pipeline::carry():183}:184}()
#27 /app/vendor/laravel/framework/src/Illuminate/Pipeline/Pipeline.php(208): App\\Http\\Middleware\\AcceptLanguage->handle()
#28 /app/vendor/laravel/framework/src/Illuminate/Routing/Middleware/SubstituteBindings.php(50): Illuminate\\Pipeline\\Pipeline->{closure:{closure:Illuminate\\Pipeline\\Pipeline::carry():183}:184}()
#29 /app/vendor/laravel/framework/src/Illuminate/Pipeline/Pipeline.php(208): Illuminate\\Routing\\Middleware\\SubstituteBindings->handle()
#30 /app/vendor/laravel/framework/src/Illuminate/Foundation/Http/Middleware/VerifyCsrfToken.php(87): Illuminate\\Pipeline\\Pipeline->{closure:{closure:Illuminate\\Pipeline\\Pipeline::carry():183}:184}()
#31 /app/vendor/laravel/framework/src/Illuminate/Pipeline/Pipeline.php(208): Illuminate\\Foundation\\Http\\Middleware\\VerifyCsrfToken->handle()
#32 /app/vendor/laravel/framework/src/Illuminate/View/Middleware/ShareErrorsFromSession.php(48): Illuminate\\Pipeline\\Pipeline->{closure:{closure:Illuminate\\Pipeline\\Pipeline::carry():183}:184}()
#33 /app/vendor/laravel/framework/src/Illuminate/Pipeline/Pipeline.php(208): Illuminate\\View\\Middleware\\ShareErrorsFromSession->handle()
#34 /app/vendor/laravel/framework/src/Illuminate/Session/Middleware/StartSession.php(120): Illuminate\\Pipeline\\Pipeline->{closure:{closure:Illuminate\\Pipeline\\Pipeline::carry():183}:184}()
#35 /app/vendor/laravel/framework/src/Illuminate/Session/Middleware/StartSession.php(63): Illuminate\\Session\\Middleware\\StartSession->handleStatefulRequest()
#36 /app/vendor/laravel/framework/src/Illuminate/Pipeline/Pipeline.php(208): Illuminate\\Session\\Middleware\\StartSession->handle()
#37 /app/vendor/laravel/framework/src/Illuminate/Cookie/Middleware/AddQueuedCookiesToResponse.php(36): Illuminate\\Pipeline\\Pipeline->{closure:{closure:Illuminate\\Pipeline\\Pipeline::carry():183}:184}()
#38 /app/vendor/laravel/framework/src/Illuminate/Pipeline/Pipeline.php(208): Illuminate\\Cookie\\Middleware\\AddQueuedCookiesToResponse->handle()
#39 /app/vendor/laravel/framework/src/Illuminate/Cookie/Middleware/EncryptCookies.php(74): Illuminate\\Pipeline\\Pipeline->{closure:{closure:Illuminate\\Pipeline\\Pipeline::carry():183}:184}()
#40 /app/vendor/laravel/framework/src/Illuminate/Pipeline/Pipeline.php(208): Illuminate\\Cookie\\Middleware\\EncryptCookies->handle()
#41 /app/vendor/laravel/framework/src/Illuminate/Pipeline/Pipeline.php(126): Illuminate\\Pipeline\\Pipeline->{closure:{closure:Illuminate\\Pipeline\\Pipeline::carry():183}:184}()
#42 /app/vendor/laravel/framework/src/Illuminate/Routing/Router.php(807): Illuminate\\Pipeline\\Pipeline->then()
#43 /app/vendor/laravel/framework/src/Illuminate/Routing/Router.php(786): Illuminate\\Routing\\Router->runRouteWithinStack()
#44 /app/vendor/laravel/framework/src/Illuminate/Routing/Router.php(750): Illuminate\\Routing\\Router->runRoute()
#45 /app/vendor/laravel/framework/src/Illuminate/Routing/Router.php(739): Illuminate\\Routing\\Router->dispatchToRoute()
#46 /app/vendor/laravel/framework/src/Illuminate/Foundation/Http/Kernel.php(200): Illuminate\\Routing\\Router->dispatch()
#47 /app/vendor/laravel/framework/src/Illuminate/Pipeline/Pipeline.php(169): Illuminate\\Foundation\\Http\\Kernel->{closure:Illuminate\\Foundation\\Http\\Kernel::dispatchToRouter():197}()
#48 /app/vendor/laravel/framework/src/Illuminate/Foundation/Http/Middleware/TransformsRequest.php(21): Illuminate\\Pipeline\\Pipeline->{closure:Illuminate\\Pipeline\\Pipeline::prepareDestination():167}()
#49 /app/vendor/laravel/framework/src/Illuminate/Foundation/Http/Middleware/ConvertEmptyStringsToNull.php(31): Illuminate\\Foundation\\Http\\Middleware\\TransformsRequest->handle()
#50 /app/vendor/laravel/framework/src/Illuminate/Pipeline/Pipeline.php(208): Illuminate\\Foundation\\Http\\Middleware\\ConvertEmptyStringsToNull->handle()
#51 /app/vendor/laravel/framework/src/Illuminate/Foundation/Http/Middleware/TransformsRequest.php(21): Illuminate\\Pipeline\\Pipeline->{closure:{closure:Illuminate\\Pipeline\\Pipeline::carry():183}:184}()
#52 /app/vendor/laravel/framework/src/Illuminate/Foundation/Http/Middleware/TrimStrings.php(51): Illuminate\\Foundation\\Http\\Middleware\\TransformsRequest->handle()
#53 /app/vendor/laravel/framework/src/Illuminate/Pipeline/Pipeline.php(208): Illuminate\\Foundation\\Http\\Middleware\\TrimStrings->handle()
#54 /app/vendor/laravel/framework/src/Illuminate/Http/Middleware/ValidatePostSize.php(27): Illuminate\\Pipeline\\Pipeline->{closure:{closure:Illuminate\\Pipeline\\Pipeline::carry():183}:184}()
#55 /app/vendor/laravel/framework/src/Illuminate/Pipeline/Pipeline.php(208): Illuminate\\Http\\Middleware\\ValidatePostSize->handle()
#56 /app/vendor/laravel/framework/src/Illuminate/Foundation/Http/Middleware/PreventRequestsDuringMaintenance.php(109): Illuminate\\Pipeline\\Pipeline->{closure:{closure:Illuminate\\Pipeline\\Pipeline::carry():183}:184}()
#57 /app/vendor/laravel/framework/src/Illuminate/Pipeline/Pipeline.php(208): Illuminate\\Foundation\\Http\\Middleware\\PreventRequestsDuringMaintenance->handle()
#58 /app/vendor/laravel/framework/src/Illuminate/Http/Middleware/HandleCors.php(48): Illuminate\\Pipeline\\Pipeline->{closure:{closure:Illuminate\\Pipeline\\Pipeline::carry():183}:184}()
#59 /app/vendor/laravel/framework/src/Illuminate/Pipeline/Pipeline.php(208): Illuminate\\Http\\Middleware\\HandleCors->handle()
#60 /app/vendor/laravel/framework/src/Illuminate/Http/Middleware/TrustProxies.php(58): Illuminate\\Pipeline\\Pipeline->{closure:{closure:Illuminate\\Pipeline\\Pipeline::carry():183}:184}()
#61 /app/vendor/laravel/framework/src/Illuminate/Pipeline/Pipeline.php(208): Illuminate\\Http\\Middleware\\TrustProxies->handle()
#62 /app/vendor/laravel/framework/src/Illuminate/Foundation/Http/Middleware/InvokeDeferredCallbacks.php(22): Illuminate\\Pipeline\\Pipeline->{closure:{closure:Illuminate\\Pipeline\\Pipeline::carry():183}:184}()
#63 /app/vendor/laravel/framework/src/Illuminate/Pipeline/Pipeline.php(208): Illuminate\\Foundation\\Http\\Middleware\\InvokeDeferredCallbacks->handle()
#64 /app/vendor/laravel/framework/src/Illuminate/Http/Middleware/ValidatePathEncoding.php(26): Illuminate\\Pipeline\\Pipeline->{closure:{closure:Illuminate\\Pipeline\\Pipeline::carry():183}:184}()
#65 /app/vendor/laravel/framework/src/Illuminate/Pipeline/Pipeline.php(208): Illuminate\\Http\\Middleware\\ValidatePathEncoding->handle()
#66 /app/vendor/laravel/framework/src/Illuminate/Pipeline/Pipeline.php(126): Illuminate\\Pipeline\\Pipeline->{closure:{closure:Illuminate\\Pipeline\\Pipeline::carry():183}:184}()
#67 /app/vendor/laravel/framework/src/Illuminate/Foundation/Http/Kernel.php(175): Illuminate\\Pipeline\\Pipeline->then()
#68 /app/vendor/laravel/framework/src/Illuminate/Foundation/Http/Kernel.php(144): Illuminate\\Foundation\\Http\\Kernel->sendRequestThroughRouter()
#69 /app/vendor/laravel/framework/src/Illuminate/Foundation/Application.php(1219): Illuminate\\Foundation\\Http\\Kernel->handle()
#70 /app/public/index.php(17): Illuminate\\Foundation\\Application->handleRequest()
#71 {main}
"} 
[2025-07-13 13:39:49] production.ERROR: ldap_read(): Search: Can't contact LDAP server {"exception":"[object] (LdapRecord\\LdapRecordException(code: 2): ldap_read(): Search: Can't contact LDAP server at /app/vendor/directorytree/ldaprecord/src/LdapRecordException.php:19)
[stacktrace]
#0 /app/vendor/directorytree/ldaprecord/src/HandlesConnection.php(206): LdapRecord\\LdapRecordException::withDetailedError()
#1 /app/vendor/directorytree/ldaprecord/src/Ldap.php(236): LdapRecord\\Ldap->executeFailableOperation()
#2 /app/vendor/directorytree/ldaprecord/src/Query/Builder.php(587): LdapRecord\\Ldap->read()
#3 /app/vendor/directorytree/ldaprecord/src/Connection.php(354): LdapRecord\\Query\\Builder->{closure:LdapRecord\\Query\\Builder::run():576}()
#4 /app/vendor/directorytree/ldaprecord/src/Connection.php(422): LdapRecord\\Connection->runOperationCallback()
#5 /app/vendor/directorytree/ldaprecord/src/Connection.php(404): LdapRecord\\Connection->retry()
#6 /app/vendor/directorytree/ldaprecord/src/Connection.php(314): LdapRecord\\Connection->tryAgainIfCausedByLostConnection()
#7 /app/vendor/directorytree/ldaprecord/src/Query/Builder.php(576): LdapRecord\\Connection->run()
#8 /app/vendor/directorytree/ldaprecord/src/Query/Builder.php(362): LdapRecord\\Query\\Builder->run()
#9 /app/vendor/directorytree/ldaprecord/src/Query/Builder.php(562): LdapRecord\\Query\\Builder->{closure:LdapRecord\\Query\\Builder::query():362}()
#10 /app/vendor/directorytree/ldaprecord/src/Query/Builder.php(364): LdapRecord\\Query\\Builder->getCachedResponse()
#11 /app/vendor/directorytree/ldaprecord/src/Query/Builder.php(201): LdapRecord\\Query\\Builder->query()
#12 /app/vendor/directorytree/ldaprecord/src/Query/Builder.php(218): LdapRecord\\Query\\Builder->{closure:LdapRecord\\Query\\Builder::get():201}()
#13 /app/vendor/directorytree/ldaprecord/src/Query/Builder.php(200): LdapRecord\\Query\\Builder->onceWithColumns()
#14 /app/vendor/directorytree/ldaprecord/src/Query/Builder.php(652): LdapRecord\\Query\\Builder->get()
#15 /app/vendor/directorytree/ldaprecord/src/Query/Model/Builder.php(104): LdapRecord\\Query\\Builder->first()
#16 /app/vendor/directorytree/ldaprecord/src/Query/Builder.php(665): LdapRecord\\Query\\Model\\Builder->first()
#17 /app/vendor/directorytree/ldaprecord/src/Query/Model/Builder.php(112): LdapRecord\\Query\\Builder->firstOrFail()
#18 /app/app/Classes/LDAP/Server.php(254): LdapRecord\\Query\\Model\\Builder->firstOrFail()
#19 /app/app/Classes/LDAP/Server.php(42): App\\Classes\\LDAP\\Server::rootDSE()
#20 /app/app/Http/Middleware/SwapinAuthUser.php(47): App\\Classes\\LDAP\\Server->__construct()
#21 /app/vendor/laravel/framework/src/Illuminate/Pipeline/Pipeline.php(208): App\\Http\\Middleware\\SwapinAuthUser->handle()
#22 /app/app/Http/Middleware/AllowAnonymous.php(26): Illuminate\\Pipeline\\Pipeline->{closure:{closure:Illuminate\\Pipeline\\Pipeline::carry():183}:184}()
#23 /app/vendor/laravel/framework/src/Illuminate/Pipeline/Pipeline.php(208): App\\Http\\Middleware\\AllowAnonymous->handle()
#24 /app/app/Http/Middleware/AcceptLanguage.php(23): Illuminate\\Pipeline\\Pipeline->{closure:{closure:Illuminate\\Pipeline\\Pipeline::carry():183}:184}()
#25 /app/vendor/laravel/framework/src/Illuminate/Pipeline/Pipeline.php(208): App\\Http\\Middleware\\AcceptLanguage->handle()
#26 /app/vendor/laravel/framework/src/Illuminate/Routing/Middleware/SubstituteBindings.php(50): Illuminate\\Pipeline\\Pipeline->{closure:{closure:Illuminate\\Pipeline\\Pipeline::carry():183}:184}()
#27 /app/vendor/laravel/framework/src/Illuminate/Pipeline/Pipeline.php(208): Illuminate\\Routing\\Middleware\\SubstituteBindings->handle()
#28 /app/vendor/laravel/framework/src/Illuminate/Foundation/Http/Middleware/VerifyCsrfToken.php(87): Illuminate\\Pipeline\\Pipeline->{closure:{closure:Illuminate\\Pipeline\\Pipeline::carry():183}:184}()
#29 /app/vendor/laravel/framework/src/Illuminate/Pipeline/Pipeline.php(208): Illuminate\\Foundation\\Http\\Middleware\\VerifyCsrfToken->handle()
#30 /app/vendor/laravel/framework/src/Illuminate/View/Middleware/ShareErrorsFromSession.php(48): Illuminate\\Pipeline\\Pipeline->{closure:{closure:Illuminate\\Pipeline\\Pipeline::carry():183}:184}()
#31 /app/vendor/laravel/framework/src/Illuminate/Pipeline/Pipeline.php(208): Illuminate\\View\\Middleware\\ShareErrorsFromSession->handle()
#32 /app/vendor/laravel/framework/src/Illuminate/Session/Middleware/StartSession.php(120): Illuminate\\Pipeline\\Pipeline->{closure:{closure:Illuminate\\Pipeline\\Pipeline::carry():183}:184}()
#33 /app/vendor/laravel/framework/src/Illuminate/Session/Middleware/StartSession.php(63): Illuminate\\Session\\Middleware\\StartSession->handleStatefulRequest()
#34 /app/vendor/laravel/framework/src/Illuminate/Pipeline/Pipeline.php(208): Illuminate\\Session\\Middleware\\StartSession->handle()
#35 /app/vendor/laravel/framework/src/Illuminate/Cookie/Middleware/AddQueuedCookiesToResponse.php(36): Illuminate\\Pipeline\\Pipeline->{closure:{closure:Illuminate\\Pipeline\\Pipeline::carry():183}:184}()
#36 /app/vendor/laravel/framework/src/Illuminate/Pipeline/Pipeline.php(208): Illuminate\\Cookie\\Middleware\\AddQueuedCookiesToResponse->handle()
#37 /app/vendor/laravel/framework/src/Illuminate/Cookie/Middleware/EncryptCookies.php(74): Illuminate\\Pipeline\\Pipeline->{closure:{closure:Illuminate\\Pipeline\\Pipeline::carry():183}:184}()
#38 /app/vendor/laravel/framework/src/Illuminate/Pipeline/Pipeline.php(208): Illuminate\\Cookie\\Middleware\\EncryptCookies->handle()
#39 /app/vendor/laravel/framework/src/Illuminate/Pipeline/Pipeline.php(126): Illuminate\\Pipeline\\Pipeline->{closure:{closure:Illuminate\\Pipeline\\Pipeline::carry():183}:184}()
#40 /app/vendor/laravel/framework/src/Illuminate/Routing/Router.php(807): Illuminate\\Pipeline\\Pipeline->then()
#41 /app/vendor/laravel/framework/src/Illuminate/Routing/Router.php(786): Illuminate\\Routing\\Router->runRouteWithinStack()
#42 /app/vendor/laravel/framework/src/Illuminate/Routing/Router.php(750): Illuminate\\Routing\\Router->runRoute()
#43 /app/vendor/laravel/framework/src/Illuminate/Routing/Router.php(739): Illuminate\\Routing\\Router->dispatchToRoute()
#44 /app/vendor/laravel/framework/src/Illuminate/Foundation/Http/Kernel.php(200): Illuminate\\Routing\\Router->dispatch()
#45 /app/vendor/laravel/framework/src/Illuminate/Pipeline/Pipeline.php(169): Illuminate\\Foundation\\Http\\Kernel->{closure:Illuminate\\Foundation\\Http\\Kernel::dispatchToRouter():197}()
#46 /app/vendor/laravel/framework/src/Illuminate/Foundation/Http/Middleware/TransformsRequest.php(21): Illuminate\\Pipeline\\Pipeline->{closure:Illuminate\\Pipeline\\Pipeline::prepareDestination():167}()
#47 /app/vendor/laravel/framework/src/Illuminate/Foundation/Http/Middleware/ConvertEmptyStringsToNull.php(31): Illuminate\\Foundation\\Http\\Middleware\\TransformsRequest->handle()
#48 /app/vendor/laravel/framework/src/Illuminate/Pipeline/Pipeline.php(208): Illuminate\\Foundation\\Http\\Middleware\\ConvertEmptyStringsToNull->handle()
#49 /app/vendor/laravel/framework/src/Illuminate/Foundation/Http/Middleware/TransformsRequest.php(21): Illuminate\\Pipeline\\Pipeline->{closure:{closure:Illuminate\\Pipeline\\Pipeline::carry():183}:184}()
#50 /app/vendor/laravel/framework/src/Illuminate/Foundation/Http/Middleware/TrimStrings.php(51): Illuminate\\Foundation\\Http\\Middleware\\TransformsRequest->handle()
#51 /app/vendor/laravel/framework/src/Illuminate/Pipeline/Pipeline.php(208): Illuminate\\Foundation\\Http\\Middleware\\TrimStrings->handle()
#52 /app/vendor/laravel/framework/src/Illuminate/Http/Middleware/ValidatePostSize.php(27): Illuminate\\Pipeline\\Pipeline->{closure:{closure:Illuminate\\Pipeline\\Pipeline::carry():183}:184}()
#53 /app/vendor/laravel/framework/src/Illuminate/Pipeline/Pipeline.php(208): Illuminate\\Http\\Middleware\\ValidatePostSize->handle()
#54 /app/vendor/laravel/framework/src/Illuminate/Foundation/Http/Middleware/PreventRequestsDuringMaintenance.php(109): Illuminate\\Pipeline\\Pipeline->{closure:{closure:Illuminate\\Pipeline\\Pipeline::carry():183}:184}()
#55 /app/vendor/laravel/framework/src/Illuminate/Pipeline/Pipeline.php(208): Illuminate\\Foundation\\Http\\Middleware\\PreventRequestsDuringMaintenance->handle()
#56 /app/vendor/laravel/framework/src/Illuminate/Http/Middleware/HandleCors.php(48): Illuminate\\Pipeline\\Pipeline->{closure:{closure:Illuminate\\Pipeline\\Pipeline::carry():183}:184}()
#57 /app/vendor/laravel/framework/src/Illuminate/Pipeline/Pipeline.php(208): Illuminate\\Http\\Middleware\\HandleCors->handle()
#58 /app/vendor/laravel/framework/src/Illuminate/Http/Middleware/TrustProxies.php(58): Illuminate\\Pipeline\\Pipeline->{closure:{closure:Illuminate\\Pipeline\\Pipeline::carry():183}:184}()
#59 /app/vendor/laravel/framework/src/Illuminate/Pipeline/Pipeline.php(208): Illuminate\\Http\\Middleware\\TrustProxies->handle()
#60 /app/vendor/laravel/framework/src/Illuminate/Foundation/Http/Middleware/InvokeDeferredCallbacks.php(22): Illuminate\\Pipeline\\Pipeline->{closure:{closure:Illuminate\\Pipeline\\Pipeline::carry():183}:184}()
#61 /app/vendor/laravel/framework/src/Illuminate/Pipeline/Pipeline.php(208): Illuminate\\Foundation\\Http\\Middleware\\InvokeDeferredCallbacks->handle()
#62 /app/vendor/laravel/framework/src/Illuminate/Http/Middleware/ValidatePathEncoding.php(26): Illuminate\\Pipeline\\Pipeline->{closure:{closure:Illuminate\\Pipeline\\Pipeline::carry():183}:184}()
#63 /app/vendor/laravel/framework/src/Illuminate/Pipeline/Pipeline.php(208): Illuminate\\Http\\Middleware\\ValidatePathEncoding->handle()
#64 /app/vendor/laravel/framework/src/Illuminate/Pipeline/Pipeline.php(126): Illuminate\\Pipeline\\Pipeline->{closure:{closure:Illuminate\\Pipeline\\Pipeline::carry():183}:184}()
#65 /app/vendor/laravel/framework/src/Illuminate/Foundation/Http/Kernel.php(175): Illuminate\\Pipeline\\Pipeline->then()
#66 /app/vendor/laravel/framework/src/Illuminate/Foundation/Http/Kernel.php(144): Illuminate\\Foundation\\Http\\Kernel->sendRequestThroughRouter()
#67 /app/vendor/laravel/framework/src/Illuminate/Foundation/Application.php(1219): Illuminate\\Foundation\\Http\\Kernel->handle()
#68 /app/public/index.php(17): Illuminate\\Foundation\\Application->handleRequest()
#69 {main}

[previous exception] [object] (ErrorException(code: 2): ldap_read(): Search: Can't contact LDAP server at /app/vendor/directorytree/ldaprecord/src/Ldap.php:246)
[stacktrace]
#0 [internal function]: LdapRecord\\Ldap->{closure:LdapRecord\\HandlesConnection::executeFailableOperation():184}()
#1 /app/vendor/directorytree/ldaprecord/src/Ldap.php(246): ldap_read()
#2 /app/vendor/directorytree/ldaprecord/src/HandlesConnection.php(193): LdapRecord\\Ldap->{closure:LdapRecord\\Ldap::read():236}()
#3 /app/vendor/directorytree/ldaprecord/src/Ldap.php(236): LdapRecord\\Ldap->executeFailableOperation()
#4 /app/vendor/directorytree/ldaprecord/src/Query/Builder.php(587): LdapRecord\\Ldap->read()
#5 /app/vendor/directorytree/ldaprecord/src/Connection.php(354): LdapRecord\\Query\\Builder->{closure:LdapRecord\\Query\\Builder::run():576}()
#6 /app/vendor/directorytree/ldaprecord/src/Connection.php(422): LdapRecord\\Connection->runOperationCallback()
#7 /app/vendor/directorytree/ldaprecord/src/Connection.php(404): LdapRecord\\Connection->retry()
#8 /app/vendor/directorytree/ldaprecord/src/Connection.php(314): LdapRecord\\Connection->tryAgainIfCausedByLostConnection()
#9 /app/vendor/directorytree/ldaprecord/src/Query/Builder.php(576): LdapRecord\\Connection->run()
#10 /app/vendor/directorytree/ldaprecord/src/Query/Builder.php(362): LdapRecord\\Query\\Builder->run()
#11 /app/vendor/directorytree/ldaprecord/src/Query/Builder.php(562): LdapRecord\\Query\\Builder->{closure:LdapRecord\\Query\\Builder::query():362}()
#12 /app/vendor/directorytree/ldaprecord/src/Query/Builder.php(364): LdapRecord\\Query\\Builder->getCachedResponse()
#13 /app/vendor/directorytree/ldaprecord/src/Query/Builder.php(201): LdapRecord\\Query\\Builder->query()
#14 /app/vendor/directorytree/ldaprecord/src/Query/Builder.php(218): LdapRecord\\Query\\Builder->{closure:LdapRecord\\Query\\Builder::get():201}()
#15 /app/vendor/directorytree/ldaprecord/src/Query/Builder.php(200): LdapRecord\\Query\\Builder->onceWithColumns()
#16 /app/vendor/directorytree/ldaprecord/src/Query/Builder.php(652): LdapRecord\\Query\\Builder->get()
#17 /app/vendor/directorytree/ldaprecord/src/Query/Model/Builder.php(104): LdapRecord\\Query\\Builder->first()
#18 /app/vendor/directorytree/ldaprecord/src/Query/Builder.php(665): LdapRecord\\Query\\Model\\Builder->first()
#19 /app/vendor/directorytree/ldaprecord/src/Query/Model/Builder.php(112): LdapRecord\\Query\\Builder->firstOrFail()
#20 /app/app/Classes/LDAP/Server.php(254): LdapRecord\\Query\\Model\\Builder->firstOrFail()
#21 /app/app/Classes/LDAP/Server.php(42): App\\Classes\\LDAP\\Server::rootDSE()
#22 /app/app/Http/Middleware/SwapinAuthUser.php(47): App\\Classes\\LDAP\\Server->__construct()
#23 /app/vendor/laravel/framework/src/Illuminate/Pipeline/Pipeline.php(208): App\\Http\\Middleware\\SwapinAuthUser->handle()
#24 /app/app/Http/Middleware/AllowAnonymous.php(26): Illuminate\\Pipeline\\Pipeline->{closure:{closure:Illuminate\\Pipeline\\Pipeline::carry():183}:184}()
#25 /app/vendor/laravel/framework/src/Illuminate/Pipeline/Pipeline.php(208): App\\Http\\Middleware\\AllowAnonymous->handle()
#26 /app/app/Http/Middleware/AcceptLanguage.php(23): Illuminate\\Pipeline\\Pipeline->{closure:{closure:Illuminate\\Pipeline\\Pipeline::carry():183}:184}()
#27 /app/vendor/laravel/framework/src/Illuminate/Pipeline/Pipeline.php(208): App\\Http\\Middleware\\AcceptLanguage->handle()
#28 /app/vendor/laravel/framework/src/Illuminate/Routing/Middleware/SubstituteBindings.php(50): Illuminate\\Pipeline\\Pipeline->{closure:{closure:Illuminate\\Pipeline\\Pipeline::carry():183}:184}()
#29 /app/vendor/laravel/framework/src/Illuminate/Pipeline/Pipeline.php(208): Illuminate\\Routing\\Middleware\\SubstituteBindings->handle()
#30 /app/vendor/laravel/framework/src/Illuminate/Foundation/Http/Middleware/VerifyCsrfToken.php(87): Illuminate\\Pipeline\\Pipeline->{closure:{closure:Illuminate\\Pipeline\\Pipeline::carry():183}:184}()
#31 /app/vendor/laravel/framework/src/Illuminate/Pipeline/Pipeline.php(208): Illuminate\\Foundation\\Http\\Middleware\\VerifyCsrfToken->handle()
#32 /app/vendor/laravel/framework/src/Illuminate/View/Middleware/ShareErrorsFromSession.php(48): Illuminate\\Pipeline\\Pipeline->{closure:{closure:Illuminate\\Pipeline\\Pipeline::carry():183}:184}()
#33 /app/vendor/laravel/framework/src/Illuminate/Pipeline/Pipeline.php(208): Illuminate\\View\\Middleware\\ShareErrorsFromSession->handle()
#34 /app/vendor/laravel/framework/src/Illuminate/Session/Middleware/StartSession.php(120): Illuminate\\Pipeline\\Pipeline->{closure:{closure:Illuminate\\Pipeline\\Pipeline::carry():183}:184}()
#35 /app/vendor/laravel/framework/src/Illuminate/Session/Middleware/StartSession.php(63): Illuminate\\Session\\Middleware\\StartSession->handleStatefulRequest()
#36 /app/vendor/laravel/framework/src/Illuminate/Pipeline/Pipeline.php(208): Illuminate\\Session\\Middleware\\StartSession->handle()
#37 /app/vendor/laravel/framework/src/Illuminate/Cookie/Middleware/AddQueuedCookiesToResponse.php(36): Illuminate\\Pipeline\\Pipeline->{closure:{closure:Illuminate\\Pipeline\\Pipeline::carry():183}:184}()
#38 /app/vendor/laravel/framework/src/Illuminate/Pipeline/Pipeline.php(208): Illuminate\\Cookie\\Middleware\\AddQueuedCookiesToResponse->handle()
#39 /app/vendor/laravel/framework/src/Illuminate/Cookie/Middleware/EncryptCookies.php(74): Illuminate\\Pipeline\\Pipeline->{closure:{closure:Illuminate\\Pipeline\\Pipeline::carry():183}:184}()
#40 /app/vendor/laravel/framework/src/Illuminate/Pipeline/Pipeline.php(208): Illuminate\\Cookie\\Middleware\\EncryptCookies->handle()
#41 /app/vendor/laravel/framework/src/Illuminate/Pipeline/Pipeline.php(126): Illuminate\\Pipeline\\Pipeline->{closure:{closure:Illuminate\\Pipeline\\Pipeline::carry():183}:184}()
#42 /app/vendor/laravel/framework/src/Illuminate/Routing/Router.php(807): Illuminate\\Pipeline\\Pipeline->then()
#43 /app/vendor/laravel/framework/src/Illuminate/Routing/Router.php(786): Illuminate\\Routing\\Router->runRouteWithinStack()
#44 /app/vendor/laravel/framework/src/Illuminate/Routing/Router.php(750): Illuminate\\Routing\\Router->runRoute()
#45 /app/vendor/laravel/framework/src/Illuminate/Routing/Router.php(739): Illuminate\\Routing\\Router->dispatchToRoute()
#46 /app/vendor/laravel/framework/src/Illuminate/Foundation/Http/Kernel.php(200): Illuminate\\Routing\\Router->dispatch()
#47 /app/vendor/laravel/framework/src/Illuminate/Pipeline/Pipeline.php(169): Illuminate\\Foundation\\Http\\Kernel->{closure:Illuminate\\Foundation\\Http\\Kernel::dispatchToRouter():197}()
#48 /app/vendor/laravel/framework/src/Illuminate/Foundation/Http/Middleware/TransformsRequest.php(21): Illuminate\\Pipeline\\Pipeline->{closure:Illuminate\\Pipeline\\Pipeline::prepareDestination():167}()
#49 /app/vendor/laravel/framework/src/Illuminate/Foundation/Http/Middleware/ConvertEmptyStringsToNull.php(31): Illuminate\\Foundation\\Http\\Middleware\\TransformsRequest->handle()
#50 /app/vendor/laravel/framework/src/Illuminate/Pipeline/Pipeline.php(208): Illuminate\\Foundation\\Http\\Middleware\\ConvertEmptyStringsToNull->handle()
#51 /app/vendor/laravel/framework/src/Illuminate/Foundation/Http/Middleware/TransformsRequest.php(21): Illuminate\\Pipeline\\Pipeline->{closure:{closure:Illuminate\\Pipeline\\Pipeline::carry():183}:184}()
#52 /app/vendor/laravel/framework/src/Illuminate/Foundation/Http/Middleware/TrimStrings.php(51): Illuminate\\Foundation\\Http\\Middleware\\TransformsRequest->handle()
#53 /app/vendor/laravel/framework/src/Illuminate/Pipeline/Pipeline.php(208): Illuminate\\Foundation\\Http\\Middleware\\TrimStrings->handle()
#54 /app/vendor/laravel/framework/src/Illuminate/Http/Middleware/ValidatePostSize.php(27): Illuminate\\Pipeline\\Pipeline->{closure:{closure:Illuminate\\Pipeline\\Pipeline::carry():183}:184}()
#55 /app/vendor/laravel/framework/src/Illuminate/Pipeline/Pipeline.php(208): Illuminate\\Http\\Middleware\\ValidatePostSize->handle()
#56 /app/vendor/laravel/framework/src/Illuminate/Foundation/Http/Middleware/PreventRequestsDuringMaintenance.php(109): Illuminate\\Pipeline\\Pipeline->{closure:{closure:Illuminate\\Pipeline\\Pipeline::carry():183}:184}()
#57 /app/vendor/laravel/framework/src/Illuminate/Pipeline/Pipeline.php(208): Illuminate\\Foundation\\Http\\Middleware\\PreventRequestsDuringMaintenance->handle()
#58 /app/vendor/laravel/framework/src/Illuminate/Http/Middleware/HandleCors.php(48): Illuminate\\Pipeline\\Pipeline->{closure:{closure:Illuminate\\Pipeline\\Pipeline::carry():183}:184}()
#59 /app/vendor/laravel/framework/src/Illuminate/Pipeline/Pipeline.php(208): Illuminate\\Http\\Middleware\\HandleCors->handle()
#60 /app/vendor/laravel/framework/src/Illuminate/Http/Middleware/TrustProxies.php(58): Illuminate\\Pipeline\\Pipeline->{closure:{closure:Illuminate\\Pipeline\\Pipeline::carry():183}:184}()
#61 /app/vendor/laravel/framework/src/Illuminate/Pipeline/Pipeline.php(208): Illuminate\\Http\\Middleware\\TrustProxies->handle()
#62 /app/vendor/laravel/framework/src/Illuminate/Foundation/Http/Middleware/InvokeDeferredCallbacks.php(22): Illuminate\\Pipeline\\Pipeline->{closure:{closure:Illuminate\\Pipeline\\Pipeline::carry():183}:184}()
#63 /app/vendor/laravel/framework/src/Illuminate/Pipeline/Pipeline.php(208): Illuminate\\Foundation\\Http\\Middleware\\InvokeDeferredCallbacks->handle()
#64 /app/vendor/laravel/framework/src/Illuminate/Http/Middleware/ValidatePathEncoding.php(26): Illuminate\\Pipeline\\Pipeline->{closure:{closure:Illuminate\\Pipeline\\Pipeline::carry():183}:184}()
#65 /app/vendor/laravel/framework/src/Illuminate/Pipeline/Pipeline.php(208): Illuminate\\Http\\Middleware\\ValidatePathEncoding->handle()
#66 /app/vendor/laravel/framework/src/Illuminate/Pipeline/Pipeline.php(126): Illuminate\\Pipeline\\Pipeline->{closure:{closure:Illuminate\\Pipeline\\Pipeline::carry():183}:184}()
#67 /app/vendor/laravel/framework/src/Illuminate/Foundation/Http/Kernel.php(175): Illuminate\\Pipeline\\Pipeline->then()
#68 /app/vendor/laravel/framework/src/Illuminate/Foundation/Http/Kernel.php(144): Illuminate\\Foundation\\Http\\Kernel->sendRequestThroughRouter()
#69 /app/vendor/laravel/framework/src/Illuminate/Foundation/Application.php(1219): Illuminate\\Foundation\\Http\\Kernel->handle()
#70 /app/public/index.php(17): Illuminate\\Foundation\\Application->handleRequest()
#71 {main}
"} 
[2025-07-13 13:39:49] production.ERROR: ldap_read(): Search: Can't contact LDAP server {"exception":"[object] (LdapRecord\\LdapRecordException(code: 2): ldap_read(): Search: Can't contact LDAP server at /app/vendor/directorytree/ldaprecord/src/LdapRecordException.php:19)
[stacktrace]
#0 /app/vendor/directorytree/ldaprecord/src/HandlesConnection.php(206): LdapRecord\\LdapRecordException::withDetailedError()
#1 /app/vendor/directorytree/ldaprecord/src/Ldap.php(236): LdapRecord\\Ldap->executeFailableOperation()
#2 /app/vendor/directorytree/ldaprecord/src/Query/Builder.php(587): LdapRecord\\Ldap->read()
#3 /app/vendor/directorytree/ldaprecord/src/Connection.php(354): LdapRecord\\Query\\Builder->{closure:LdapRecord\\Query\\Builder::run():576}()
#4 /app/vendor/directorytree/ldaprecord/src/Connection.php(422): LdapRecord\\Connection->runOperationCallback()
#5 /app/vendor/directorytree/ldaprecord/src/Connection.php(404): LdapRecord\\Connection->retry()
#6 /app/vendor/directorytree/ldaprecord/src/Connection.php(314): LdapRecord\\Connection->tryAgainIfCausedByLostConnection()
#7 /app/vendor/directorytree/ldaprecord/src/Query/Builder.php(576): LdapRecord\\Connection->run()
#8 /app/vendor/directorytree/ldaprecord/src/Query/Builder.php(362): LdapRecord\\Query\\Builder->run()
#9 /app/vendor/directorytree/ldaprecord/src/Query/Builder.php(562): LdapRecord\\Query\\Builder->{closure:LdapRecord\\Query\\Builder::query():362}()
#10 /app/vendor/directorytree/ldaprecord/src/Query/Builder.php(364): LdapRecord\\Query\\Builder->getCachedResponse()
#11 /app/vendor/directorytree/ldaprecord/src/Query/Builder.php(201): LdapRecord\\Query\\Builder->query()
#12 /app/vendor/directorytree/ldaprecord/src/Query/Builder.php(218): LdapRecord\\Query\\Builder->{closure:LdapRecord\\Query\\Builder::get():201}()
#13 /app/vendor/directorytree/ldaprecord/src/Query/Builder.php(200): LdapRecord\\Query\\Builder->onceWithColumns()
#14 /app/vendor/directorytree/ldaprecord/src/Query/Builder.php(652): LdapRecord\\Query\\Builder->get()
#15 /app/vendor/directorytree/ldaprecord/src/Query/Model/Builder.php(104): LdapRecord\\Query\\Builder->first()
#16 /app/vendor/directorytree/ldaprecord/src/Query/Builder.php(665): LdapRecord\\Query\\Model\\Builder->first()
#17 /app/vendor/directorytree/ldaprecord/src/Query/Model/Builder.php(112): LdapRecord\\Query\\Builder->firstOrFail()
#18 /app/app/Classes/LDAP/Server.php(254): LdapRecord\\Query\\Model\\Builder->firstOrFail()
#19 /app/app/Classes/LDAP/Server.php(42): App\\Classes\\LDAP\\Server::rootDSE()
#20 /app/app/Http/Middleware/SwapinAuthUser.php(47): App\\Classes\\LDAP\\Server->__construct()
#21 /app/vendor/laravel/framework/src/Illuminate/Pipeline/Pipeline.php(208): App\\Http\\Middleware\\SwapinAuthUser->handle()
#22 /app/app/Http/Middleware/AllowAnonymous.php(26): Illuminate\\Pipeline\\Pipeline->{closure:{closure:Illuminate\\Pipeline\\Pipeline::carry():183}:184}()
#23 /app/vendor/laravel/framework/src/Illuminate/Pipeline/Pipeline.php(208): App\\Http\\Middleware\\AllowAnonymous->handle()
#24 /app/app/Http/Middleware/AcceptLanguage.php(23): Illuminate\\Pipeline\\Pipeline->{closure:{closure:Illuminate\\Pipeline\\Pipeline::carry():183}:184}()
#25 /app/vendor/laravel/framework/src/Illuminate/Pipeline/Pipeline.php(208): App\\Http\\Middleware\\AcceptLanguage->handle()
#26 /app/vendor/laravel/framework/src/Illuminate/Routing/Middleware/SubstituteBindings.php(50): Illuminate\\Pipeline\\Pipeline->{closure:{closure:Illuminate\\Pipeline\\Pipeline::carry():183}:184}()
#27 /app/vendor/laravel/framework/src/Illuminate/Pipeline/Pipeline.php(208): Illuminate\\Routing\\Middleware\\SubstituteBindings->handle()
#28 /app/vendor/laravel/framework/src/Illuminate/Foundation/Http/Middleware/VerifyCsrfToken.php(87): Illuminate\\Pipeline\\Pipeline->{closure:{closure:Illuminate\\Pipeline\\Pipeline::carry():183}:184}()
#29 /app/vendor/laravel/framework/src/Illuminate/Pipeline/Pipeline.php(208): Illuminate\\Foundation\\Http\\Middleware\\VerifyCsrfToken->handle()
#30 /app/vendor/laravel/framework/src/Illuminate/View/Middleware/ShareErrorsFromSession.php(48): Illuminate\\Pipeline\\Pipeline->{closure:{closure:Illuminate\\Pipeline\\Pipeline::carry():183}:184}()
#31 /app/vendor/laravel/framework/src/Illuminate/Pipeline/Pipeline.php(208): Illuminate\\View\\Middleware\\ShareErrorsFromSession->handle()
#32 /app/vendor/laravel/framework/src/Illuminate/Session/Middleware/StartSession.php(120): Illuminate\\Pipeline\\Pipeline->{closure:{closure:Illuminate\\Pipeline\\Pipeline::carry():183}:184}()
#33 /app/vendor/laravel/framework/src/Illuminate/Session/Middleware/StartSession.php(63): Illuminate\\Session\\Middleware\\StartSession->handleStatefulRequest()
#34 /app/vendor/laravel/framework/src/Illuminate/Pipeline/Pipeline.php(208): Illuminate\\Session\\Middleware\\StartSession->handle()
#35 /app/vendor/laravel/framework/src/Illuminate/Cookie/Middleware/AddQueuedCookiesToResponse.php(36): Illuminate\\Pipeline\\Pipeline->{closure:{closure:Illuminate\\Pipeline\\Pipeline::carry():183}:184}()
#36 /app/vendor/laravel/framework/src/Illuminate/Pipeline/Pipeline.php(208): Illuminate\\Cookie\\Middleware\\AddQueuedCookiesToResponse->handle()
#37 /app/vendor/laravel/framework/src/Illuminate/Cookie/Middleware/EncryptCookies.php(74): Illuminate\\Pipeline\\Pipeline->{closure:{closure:Illuminate\\Pipeline\\Pipeline::carry():183}:184}()
#38 /app/vendor/laravel/framework/src/Illuminate/Pipeline/Pipeline.php(208): Illuminate\\Cookie\\Middleware\\EncryptCookies->handle()
#39 /app/vendor/laravel/framework/src/Illuminate/Pipeline/Pipeline.php(126): Illuminate\\Pipeline\\Pipeline->{closure:{closure:Illuminate\\Pipeline\\Pipeline::carry():183}:184}()
#40 /app/vendor/laravel/framework/src/Illuminate/Routing/Router.php(807): Illuminate\\Pipeline\\Pipeline->then()
#41 /app/vendor/laravel/framework/src/Illuminate/Routing/Router.php(786): Illuminate\\Routing\\Router->runRouteWithinStack()
#42 /app/vendor/laravel/framework/src/Illuminate/Routing/Router.php(750): Illuminate\\Routing\\Router->runRoute()
#43 /app/vendor/laravel/framework/src/Illuminate/Routing/Router.php(739): Illuminate\\Routing\\Router->dispatchToRoute()
#44 /app/vendor/laravel/framework/src/Illuminate/Foundation/Http/Kernel.php(200): Illuminate\\Routing\\Router->dispatch()
#45 /app/vendor/laravel/framework/src/Illuminate/Pipeline/Pipeline.php(169): Illuminate\\Foundation\\Http\\Kernel->{closure:Illuminate\\Foundation\\Http\\Kernel::dispatchToRouter():197}()
#46 /app/vendor/laravel/framework/src/Illuminate/Foundation/Http/Middleware/TransformsRequest.php(21): Illuminate\\Pipeline\\Pipeline->{closure:Illuminate\\Pipeline\\Pipeline::prepareDestination():167}()
#47 /app/vendor/laravel/framework/src/Illuminate/Foundation/Http/Middleware/ConvertEmptyStringsToNull.php(31): Illuminate\\Foundation\\Http\\Middleware\\TransformsRequest->handle()
#48 /app/vendor/laravel/framework/src/Illuminate/Pipeline/Pipeline.php(208): Illuminate\\Foundation\\Http\\Middleware\\ConvertEmptyStringsToNull->handle()
#49 /app/vendor/laravel/framework/src/Illuminate/Foundation/Http/Middleware/TransformsRequest.php(21): Illuminate\\Pipeline\\Pipeline->{closure:{closure:Illuminate\\Pipeline\\Pipeline::carry():183}:184}()
#50 /app/vendor/laravel/framework/src/Illuminate/Foundation/Http/Middleware/TrimStrings.php(51): Illuminate\\Foundation\\Http\\Middleware\\TransformsRequest->handle()
#51 /app/vendor/laravel/framework/src/Illuminate/Pipeline/Pipeline.php(208): Illuminate\\Foundation\\Http\\Middleware\\TrimStrings->handle()
#52 /app/vendor/laravel/framework/src/Illuminate/Http/Middleware/ValidatePostSize.php(27): Illuminate\\Pipeline\\Pipeline->{closure:{closure:Illuminate\\Pipeline\\Pipeline::carry():183}:184}()
#53 /app/vendor/laravel/framework/src/Illuminate/Pipeline/Pipeline.php(208): Illuminate\\Http\\Middleware\\ValidatePostSize->handle()
#54 /app/vendor/laravel/framework/src/Illuminate/Foundation/Http/Middleware/PreventRequestsDuringMaintenance.php(109): Illuminate\\Pipeline\\Pipeline->{closure:{closure:Illuminate\\Pipeline\\Pipeline::carry():183}:184}()
#55 /app/vendor/laravel/framework/src/Illuminate/Pipeline/Pipeline.php(208): Illuminate\\Foundation\\Http\\Middleware\\PreventRequestsDuringMaintenance->handle()
#56 /app/vendor/laravel/framework/src/Illuminate/Http/Middleware/HandleCors.php(48): Illuminate\\Pipeline\\Pipeline->{closure:{closure:Illuminate\\Pipeline\\Pipeline::carry():183}:184}()
#57 /app/vendor/laravel/framework/src/Illuminate/Pipeline/Pipeline.php(208): Illuminate\\Http\\Middleware\\HandleCors->handle()
#58 /app/vendor/laravel/framework/src/Illuminate/Http/Middleware/TrustProxies.php(58): Illuminate\\Pipeline\\Pipeline->{closure:{closure:Illuminate\\Pipeline\\Pipeline::carry():183}:184}()
#59 /app/vendor/laravel/framework/src/Illuminate/Pipeline/Pipeline.php(208): Illuminate\\Http\\Middleware\\TrustProxies->handle()
#60 /app/vendor/laravel/framework/src/Illuminate/Foundation/Http/Middleware/InvokeDeferredCallbacks.php(22): Illuminate\\Pipeline\\Pipeline->{closure:{closure:Illuminate\\Pipeline\\Pipeline::carry():183}:184}()
#61 /app/vendor/laravel/framework/src/Illuminate/Pipeline/Pipeline.php(208): Illuminate\\Foundation\\Http\\Middleware\\InvokeDeferredCallbacks->handle()
#62 /app/vendor/laravel/framework/src/Illuminate/Http/Middleware/ValidatePathEncoding.php(26): Illuminate\\Pipeline\\Pipeline->{closure:{closure:Illuminate\\Pipeline\\Pipeline::carry():183}:184}()
#63 /app/vendor/laravel/framework/src/Illuminate/Pipeline/Pipeline.php(208): Illuminate\\Http\\Middleware\\ValidatePathEncoding->handle()
#64 /app/vendor/laravel/framework/src/Illuminate/Pipeline/Pipeline.php(126): Illuminate\\Pipeline\\Pipeline->{closure:{closure:Illuminate\\Pipeline\\Pipeline::carry():183}:184}()
#65 /app/vendor/laravel/framework/src/Illuminate/Foundation/Http/Kernel.php(175): Illuminate\\Pipeline\\Pipeline->then()
#66 /app/vendor/laravel/framework/src/Illuminate/Foundation/Http/Kernel.php(144): Illuminate\\Foundation\\Http\\Kernel->sendRequestThroughRouter()
#67 /app/vendor/laravel/framework/src/Illuminate/Foundation/Application.php(1219): Illuminate\\Foundation\\Http\\Kernel->handle()
#68 /app/public/index.php(17): Illuminate\\Foundation\\Application->handleRequest()
#69 {main}

[previous exception] [object] (ErrorException(code: 2): ldap_read(): Search: Can't contact LDAP server at /app/vendor/directorytree/ldaprecord/src/Ldap.php:246)
[stacktrace]
#0 [internal function]: LdapRecord\\Ldap->{closure:LdapRecord\\HandlesConnection::executeFailableOperation():184}()
#1 /app/vendor/directorytree/ldaprecord/src/Ldap.php(246): ldap_read()
#2 /app/vendor/directorytree/ldaprecord/src/HandlesConnection.php(193): LdapRecord\\Ldap->{closure:LdapRecord\\Ldap::read():236}()
#3 /app/vendor/directorytree/ldaprecord/src/Ldap.php(236): LdapRecord\\Ldap->executeFailableOperation()
#4 /app/vendor/directorytree/ldaprecord/src/Query/Builder.php(587): LdapRecord\\Ldap->read()
#5 /app/vendor/directorytree/ldaprecord/src/Connection.php(354): LdapRecord\\Query\\Builder->{closure:LdapRecord\\Query\\Builder::run():576}()
#6 /app/vendor/directorytree/ldaprecord/src/Connection.php(422): LdapRecord\\Connection->runOperationCallback()
#7 /app/vendor/directorytree/ldaprecord/src/Connection.php(404): LdapRecord\\Connection->retry()
#8 /app/vendor/directorytree/ldaprecord/src/Connection.php(314): LdapRecord\\Connection->tryAgainIfCausedByLostConnection()
#9 /app/vendor/directorytree/ldaprecord/src/Query/Builder.php(576): LdapRecord\\Connection->run()
#10 /app/vendor/directorytree/ldaprecord/src/Query/Builder.php(362): LdapRecord\\Query\\Builder->run()
#11 /app/vendor/directorytree/ldaprecord/src/Query/Builder.php(562): LdapRecord\\Query\\Builder->{closure:LdapRecord\\Query\\Builder::query():362}()
#12 /app/vendor/directorytree/ldaprecord/src/Query/Builder.php(364): LdapRecord\\Query\\Builder->getCachedResponse()
#13 /app/vendor/directorytree/ldaprecord/src/Query/Builder.php(201): LdapRecord\\Query\\Builder->query()
#14 /app/vendor/directorytree/ldaprecord/src/Query/Builder.php(218): LdapRecord\\Query\\Builder->{closure:LdapRecord\\Query\\Builder::get():201}()
#15 /app/vendor/directorytree/ldaprecord/src/Query/Builder.php(200): LdapRecord\\Query\\Builder->onceWithColumns()
#16 /app/vendor/directorytree/ldaprecord/src/Query/Builder.php(652): LdapRecord\\Query\\Builder->get()
#17 /app/vendor/directorytree/ldaprecord/src/Query/Model/Builder.php(104): LdapRecord\\Query\\Builder->first()
#18 /app/vendor/directorytree/ldaprecord/src/Query/Builder.php(665): LdapRecord\\Query\\Model\\Builder->first()
#19 /app/vendor/directorytree/ldaprecord/src/Query/Model/Builder.php(112): LdapRecord\\Query\\Builder->firstOrFail()
#20 /app/app/Classes/LDAP/Server.php(254): LdapRecord\\Query\\Model\\Builder->firstOrFail()
#21 /app/app/Classes/LDAP/Server.php(42): App\\Classes\\LDAP\\Server::rootDSE()
#22 /app/app/Http/Middleware/SwapinAuthUser.php(47): App\\Classes\\LDAP\\Server->__construct()
#23 /app/vendor/laravel/framework/src/Illuminate/Pipeline/Pipeline.php(208): App\\Http\\Middleware\\SwapinAuthUser->handle()
#24 /app/app/Http/Middleware/AllowAnonymous.php(26): Illuminate\\Pipeline\\Pipeline->{closure:{closure:Illuminate\\Pipeline\\Pipeline::carry():183}:184}()
#25 /app/vendor/laravel/framework/src/Illuminate/Pipeline/Pipeline.php(208): App\\Http\\Middleware\\AllowAnonymous->handle()
#26 /app/app/Http/Middleware/AcceptLanguage.php(23): Illuminate\\Pipeline\\Pipeline->{closure:{closure:Illuminate\\Pipeline\\Pipeline::carry():183}:184}()
#27 /app/vendor/laravel/framework/src/Illuminate/Pipeline/Pipeline.php(208): App\\Http\\Middleware\\AcceptLanguage->handle()
#28 /app/vendor/laravel/framework/src/Illuminate/Routing/Middleware/SubstituteBindings.php(50): Illuminate\\Pipeline\\Pipeline->{closure:{closure:Illuminate\\Pipeline\\Pipeline::carry():183}:184}()
#29 /app/vendor/laravel/framework/src/Illuminate/Pipeline/Pipeline.php(208): Illuminate\\Routing\\Middleware\\SubstituteBindings->handle()
#30 /app/vendor/laravel/framework/src/Illuminate/Foundation/Http/Middleware/VerifyCsrfToken.php(87): Illuminate\\Pipeline\\Pipeline->{closure:{closure:Illuminate\\Pipeline\\Pipeline::carry():183}:184}()
#31 /app/vendor/laravel/framework/src/Illuminate/Pipeline/Pipeline.php(208): Illuminate\\Foundation\\Http\\Middleware\\VerifyCsrfToken->handle()
#32 /app/vendor/laravel/framework/src/Illuminate/View/Middleware/ShareErrorsFromSession.php(48): Illuminate\\Pipeline\\Pipeline->{closure:{closure:Illuminate\\Pipeline\\Pipeline::carry():183}:184}()
#33 /app/vendor/laravel/framework/src/Illuminate/Pipeline/Pipeline.php(208): Illuminate\\View\\Middleware\\ShareErrorsFromSession->handle()
#34 /app/vendor/laravel/framework/src/Illuminate/Session/Middleware/StartSession.php(120): Illuminate\\Pipeline\\Pipeline->{closure:{closure:Illuminate\\Pipeline\\Pipeline::carry():183}:184}()
#35 /app/vendor/laravel/framework/src/Illuminate/Session/Middleware/StartSession.php(63): Illuminate\\Session\\Middleware\\StartSession->handleStatefulRequest()
#36 /app/vendor/laravel/framework/src/Illuminate/Pipeline/Pipeline.php(208): Illuminate\\Session\\Middleware\\StartSession->handle()
#37 /app/vendor/laravel/framework/src/Illuminate/Cookie/Middleware/AddQueuedCookiesToResponse.php(36): Illuminate\\Pipeline\\Pipeline->{closure:{closure:Illuminate\\Pipeline\\Pipeline::carry():183}:184}()
#38 /app/vendor/laravel/framework/src/Illuminate/Pipeline/Pipeline.php(208): Illuminate\\Cookie\\Middleware\\AddQueuedCookiesToResponse->handle()
#39 /app/vendor/laravel/framework/src/Illuminate/Cookie/Middleware/EncryptCookies.php(74): Illuminate\\Pipeline\\Pipeline->{closure:{closure:Illuminate\\Pipeline\\Pipeline::carry():183}:184}()
#40 /app/vendor/laravel/framework/src/Illuminate/Pipeline/Pipeline.php(208): Illuminate\\Cookie\\Middleware\\EncryptCookies->handle()
#41 /app/vendor/laravel/framework/src/Illuminate/Pipeline/Pipeline.php(126): Illuminate\\Pipeline\\Pipeline->{closure:{closure:Illuminate\\Pipeline\\Pipeline::carry():183}:184}()
#42 /app/vendor/laravel/framework/src/Illuminate/Routing/Router.php(807): Illuminate\\Pipeline\\Pipeline->then()
#43 /app/vendor/laravel/framework/src/Illuminate/Routing/Router.php(786): Illuminate\\Routing\\Router->runRouteWithinStack()
#44 /app/vendor/laravel/framework/src/Illuminate/Routing/Router.php(750): Illuminate\\Routing\\Router->runRoute()
#45 /app/vendor/laravel/framework/src/Illuminate/Routing/Router.php(739): Illuminate\\Routing\\Router->dispatchToRoute()
#46 /app/vendor/laravel/framework/src/Illuminate/Foundation/Http/Kernel.php(200): Illuminate\\Routing\\Router->dispatch()
#47 /app/vendor/laravel/framework/src/Illuminate/Pipeline/Pipeline.php(169): Illuminate\\Foundation\\Http\\Kernel->{closure:Illuminate\\Foundation\\Http\\Kernel::dispatchToRouter():197}()
#48 /app/vendor/laravel/framework/src/Illuminate/Foundation/Http/Middleware/TransformsRequest.php(21): Illuminate\\Pipeline\\Pipeline->{closure:Illuminate\\Pipeline\\Pipeline::prepareDestination():167}()
#49 /app/vendor/laravel/framework/src/Illuminate/Foundation/Http/Middleware/ConvertEmptyStringsToNull.php(31): Illuminate\\Foundation\\Http\\Middleware\\TransformsRequest->handle()
#50 /app/vendor/laravel/framework/src/Illuminate/Pipeline/Pipeline.php(208): Illuminate\\Foundation\\Http\\Middleware\\ConvertEmptyStringsToNull->handle()
#51 /app/vendor/laravel/framework/src/Illuminate/Foundation/Http/Middleware/TransformsRequest.php(21): Illuminate\\Pipeline\\Pipeline->{closure:{closure:Illuminate\\Pipeline\\Pipeline::carry():183}:184}()
#52 /app/vendor/laravel/framework/src/Illuminate/Foundation/Http/Middleware/TrimStrings.php(51): Illuminate\\Foundation\\Http\\Middleware\\TransformsRequest->handle()
#53 /app/vendor/laravel/framework/src/Illuminate/Pipeline/Pipeline.php(208): Illuminate\\Foundation\\Http\\Middleware\\TrimStrings->handle()
#54 /app/vendor/laravel/framework/src/Illuminate/Http/Middleware/ValidatePostSize.php(27): Illuminate\\Pipeline\\Pipeline->{closure:{closure:Illuminate\\Pipeline\\Pipeline::carry():183}:184}()
#55 /app/vendor/laravel/framework/src/Illuminate/Pipeline/Pipeline.php(208): Illuminate\\Http\\Middleware\\ValidatePostSize->handle()
#56 /app/vendor/laravel/framework/src/Illuminate/Foundation/Http/Middleware/PreventRequestsDuringMaintenance.php(109): Illuminate\\Pipeline\\Pipeline->{closure:{closure:Illuminate\\Pipeline\\Pipeline::carry():183}:184}()
#57 /app/vendor/laravel/framework/src/Illuminate/Pipeline/Pipeline.php(208): Illuminate\\Foundation\\Http\\Middleware\\PreventRequestsDuringMaintenance->handle()
#58 /app/vendor/laravel/framework/src/Illuminate/Http/Middleware/HandleCors.php(48): Illuminate\\Pipeline\\Pipeline->{closure:{closure:Illuminate\\Pipeline\\Pipeline::carry():183}:184}()
#59 /app/vendor/laravel/framework/src/Illuminate/Pipeline/Pipeline.php(208): Illuminate\\Http\\Middleware\\HandleCors->handle()
#60 /app/vendor/laravel/framework/src/Illuminate/Http/Middleware/TrustProxies.php(58): Illuminate\\Pipeline\\Pipeline->{closure:{closure:Illuminate\\Pipeline\\Pipeline::carry():183}:184}()
#61 /app/vendor/laravel/framework/src/Illuminate/Pipeline/Pipeline.php(208): Illuminate\\Http\\Middleware\\TrustProxies->handle()
#62 /app/vendor/laravel/framework/src/Illuminate/Foundation/Http/Middleware/InvokeDeferredCallbacks.php(22): Illuminate\\Pipeline\\Pipeline->{closure:{closure:Illuminate\\Pipeline\\Pipeline::carry():183}:184}()
#63 /app/vendor/laravel/framework/src/Illuminate/Pipeline/Pipeline.php(208): Illuminate\\Foundation\\Http\\Middleware\\InvokeDeferredCallbacks->handle()
#64 /app/vendor/laravel/framework/src/Illuminate/Http/Middleware/ValidatePathEncoding.php(26): Illuminate\\Pipeline\\Pipeline->{closure:{closure:Illuminate\\Pipeline\\Pipeline::carry():183}:184}()
#65 /app/vendor/laravel/framework/src/Illuminate/Pipeline/Pipeline.php(208): Illuminate\\Http\\Middleware\\ValidatePathEncoding->handle()
#66 /app/vendor/laravel/framework/src/Illuminate/Pipeline/Pipeline.php(126): Illuminate\\Pipeline\\Pipeline->{closure:{closure:Illuminate\\Pipeline\\Pipeline::carry():183}:184}()
#67 /app/vendor/laravel/framework/src/Illuminate/Foundation/Http/Kernel.php(175): Illuminate\\Pipeline\\Pipeline->then()
#68 /app/vendor/laravel/framework/src/Illuminate/Foundation/Http/Kernel.php(144): Illuminate\\Foundation\\Http\\Kernel->sendRequestThroughRouter()
#69 /app/vendor/laravel/framework/src/Illuminate/Foundation/Application.php(1219): Illuminate\\Foundation\\Http\\Kernel->handle()
#70 /app/public/index.php(17): Illuminate\\Foundation\\Application->handleRequest()
#71 {main}
"} 
[2025-07-13 14:13:04] production.ERROR: ldap_read(): Search: Can't contact LDAP server {"exception":"[object] (LdapRecord\\LdapRecordException(code: 2): ldap_read(): Search: Can't contact LDAP server at /app/vendor/directorytree/ldaprecord/src/LdapRecordException.php:19)
[stacktrace]
#0 /app/vendor/directorytree/ldaprecord/src/HandlesConnection.php(206): LdapRecord\\LdapRecordException::withDetailedError()
#1 /app/vendor/directorytree/ldaprecord/src/Ldap.php(236): LdapRecord\\Ldap->executeFailableOperation()
#2 /app/vendor/directorytree/ldaprecord/src/Query/Builder.php(587): LdapRecord\\Ldap->read()
#3 /app/vendor/directorytree/ldaprecord/src/Connection.php(354): LdapRecord\\Query\\Builder->{closure:LdapRecord\\Query\\Builder::run():576}()
#4 /app/vendor/directorytree/ldaprecord/src/Connection.php(422): LdapRecord\\Connection->runOperationCallback()
#5 /app/vendor/directorytree/ldaprecord/src/Connection.php(404): LdapRecord\\Connection->retry()
#6 /app/vendor/directorytree/ldaprecord/src/Connection.php(314): LdapRecord\\Connection->tryAgainIfCausedByLostConnection()
#7 /app/vendor/directorytree/ldaprecord/src/Query/Builder.php(576): LdapRecord\\Connection->run()
#8 /app/vendor/directorytree/ldaprecord/src/Query/Builder.php(362): LdapRecord\\Query\\Builder->run()
#9 /app/vendor/directorytree/ldaprecord/src/Query/Builder.php(562): LdapRecord\\Query\\Builder->{closure:LdapRecord\\Query\\Builder::query():362}()
#10 /app/vendor/directorytree/ldaprecord/src/Query/Builder.php(364): LdapRecord\\Query\\Builder->getCachedResponse()
#11 /app/vendor/directorytree/ldaprecord/src/Query/Builder.php(201): LdapRecord\\Query\\Builder->query()
#12 /app/vendor/directorytree/ldaprecord/src/Query/Builder.php(218): LdapRecord\\Query\\Builder->{closure:LdapRecord\\Query\\Builder::get():201}()
#13 /app/vendor/directorytree/ldaprecord/src/Query/Builder.php(200): LdapRecord\\Query\\Builder->onceWithColumns()
#14 /app/vendor/directorytree/ldaprecord/src/Query/Builder.php(652): LdapRecord\\Query\\Builder->get()
#15 /app/vendor/directorytree/ldaprecord/src/Query/Model/Builder.php(104): LdapRecord\\Query\\Builder->first()
#16 /app/vendor/directorytree/ldaprecord/src/Query/Builder.php(665): LdapRecord\\Query\\Model\\Builder->first()
#17 /app/vendor/directorytree/ldaprecord/src/Query/Model/Builder.php(112): LdapRecord\\Query\\Builder->firstOrFail()
#18 /app/app/Classes/LDAP/Server.php(254): LdapRecord\\Query\\Model\\Builder->firstOrFail()
#19 /app/app/Classes/LDAP/Server.php(42): App\\Classes\\LDAP\\Server::rootDSE()
#20 /app/app/Http/Middleware/SwapinAuthUser.php(47): App\\Classes\\LDAP\\Server->__construct()
#21 /app/vendor/laravel/framework/src/Illuminate/Pipeline/Pipeline.php(208): App\\Http\\Middleware\\SwapinAuthUser->handle()
#22 /app/app/Http/Middleware/AllowAnonymous.php(26): Illuminate\\Pipeline\\Pipeline->{closure:{closure:Illuminate\\Pipeline\\Pipeline::carry():183}:184}()
#23 /app/vendor/laravel/framework/src/Illuminate/Pipeline/Pipeline.php(208): App\\Http\\Middleware\\AllowAnonymous->handle()
#24 /app/app/Http/Middleware/AcceptLanguage.php(23): Illuminate\\Pipeline\\Pipeline->{closure:{closure:Illuminate\\Pipeline\\Pipeline::carry():183}:184}()
#25 /app/vendor/laravel/framework/src/Illuminate/Pipeline/Pipeline.php(208): App\\Http\\Middleware\\AcceptLanguage->handle()
#26 /app/vendor/laravel/framework/src/Illuminate/Routing/Middleware/SubstituteBindings.php(50): Illuminate\\Pipeline\\Pipeline->{closure:{closure:Illuminate\\Pipeline\\Pipeline::carry():183}:184}()
#27 /app/vendor/laravel/framework/src/Illuminate/Pipeline/Pipeline.php(208): Illuminate\\Routing\\Middleware\\SubstituteBindings->handle()
#28 /app/vendor/laravel/framework/src/Illuminate/Foundation/Http/Middleware/VerifyCsrfToken.php(87): Illuminate\\Pipeline\\Pipeline->{closure:{closure:Illuminate\\Pipeline\\Pipeline::carry():183}:184}()
#29 /app/vendor/laravel/framework/src/Illuminate/Pipeline/Pipeline.php(208): Illuminate\\Foundation\\Http\\Middleware\\VerifyCsrfToken->handle()
#30 /app/vendor/laravel/framework/src/Illuminate/View/Middleware/ShareErrorsFromSession.php(48): Illuminate\\Pipeline\\Pipeline->{closure:{closure:Illuminate\\Pipeline\\Pipeline::carry():183}:184}()
#31 /app/vendor/laravel/framework/src/Illuminate/Pipeline/Pipeline.php(208): Illuminate\\View\\Middleware\\ShareErrorsFromSession->handle()
#32 /app/vendor/laravel/framework/src/Illuminate/Session/Middleware/StartSession.php(120): Illuminate\\Pipeline\\Pipeline->{closure:{closure:Illuminate\\Pipeline\\Pipeline::carry():183}:184}()
#33 /app/vendor/laravel/framework/src/Illuminate/Session/Middleware/StartSession.php(63): Illuminate\\Session\\Middleware\\StartSession->handleStatefulRequest()
#34 /app/vendor/laravel/framework/src/Illuminate/Pipeline/Pipeline.php(208): Illuminate\\Session\\Middleware\\StartSession->handle()
#35 /app/vendor/laravel/framework/src/Illuminate/Cookie/Middleware/AddQueuedCookiesToResponse.php(36): Illuminate\\Pipeline\\Pipeline->{closure:{closure:Illuminate\\Pipeline\\Pipeline::carry():183}:184}()
#36 /app/vendor/laravel/framework/src/Illuminate/Pipeline/Pipeline.php(208): Illuminate\\Cookie\\Middleware\\AddQueuedCookiesToResponse->handle()
#37 /app/vendor/laravel/framework/src/Illuminate/Cookie/Middleware/EncryptCookies.php(74): Illuminate\\Pipeline\\Pipeline->{closure:{closure:Illuminate\\Pipeline\\Pipeline::carry():183}:184}()
#38 /app/vendor/laravel/framework/src/Illuminate/Pipeline/Pipeline.php(208): Illuminate\\Cookie\\Middleware\\EncryptCookies->handle()
#39 /app/vendor/laravel/framework/src/Illuminate/Pipeline/Pipeline.php(126): Illuminate\\Pipeline\\Pipeline->{closure:{closure:Illuminate\\Pipeline\\Pipeline::carry():183}:184}()
#40 /app/vendor/laravel/framework/src/Illuminate/Routing/Router.php(807): Illuminate\\Pipeline\\Pipeline->then()
#41 /app/vendor/laravel/framework/src/Illuminate/Routing/Router.php(786): Illuminate\\Routing\\Router->runRouteWithinStack()
#42 /app/vendor/laravel/framework/src/Illuminate/Routing/Router.php(750): Illuminate\\Routing\\Router->runRoute()
#43 /app/vendor/laravel/framework/src/Illuminate/Routing/Router.php(739): Illuminate\\Routing\\Router->dispatchToRoute()
#44 /app/vendor/laravel/framework/src/Illuminate/Foundation/Http/Kernel.php(200): Illuminate\\Routing\\Router->dispatch()
#45 /app/vendor/laravel/framework/src/Illuminate/Pipeline/Pipeline.php(169): Illuminate\\Foundation\\Http\\Kernel->{closure:Illuminate\\Foundation\\Http\\Kernel::dispatchToRouter():197}()
#46 /app/vendor/laravel/framework/src/Illuminate/Foundation/Http/Middleware/TransformsRequest.php(21): Illuminate\\Pipeline\\Pipeline->{closure:Illuminate\\Pipeline\\Pipeline::prepareDestination():167}()
#47 /app/vendor/laravel/framework/src/Illuminate/Foundation/Http/Middleware/ConvertEmptyStringsToNull.php(31): Illuminate\\Foundation\\Http\\Middleware\\TransformsRequest->handle()
#48 /app/vendor/laravel/framework/src/Illuminate/Pipeline/Pipeline.php(208): Illuminate\\Foundation\\Http\\Middleware\\ConvertEmptyStringsToNull->handle()
#49 /app/vendor/laravel/framework/src/Illuminate/Foundation/Http/Middleware/TransformsRequest.php(21): Illuminate\\Pipeline\\Pipeline->{closure:{closure:Illuminate\\Pipeline\\Pipeline::carry():183}:184}()
#50 /app/vendor/laravel/framework/src/Illuminate/Foundation/Http/Middleware/TrimStrings.php(51): Illuminate\\Foundation\\Http\\Middleware\\TransformsRequest->handle()
#51 /app/vendor/laravel/framework/src/Illuminate/Pipeline/Pipeline.php(208): Illuminate\\Foundation\\Http\\Middleware\\TrimStrings->handle()
#52 /app/vendor/laravel/framework/src/Illuminate/Http/Middleware/ValidatePostSize.php(27): Illuminate\\Pipeline\\Pipeline->{closure:{closure:Illuminate\\Pipeline\\Pipeline::carry():183}:184}()
#53 /app/vendor/laravel/framework/src/Illuminate/Pipeline/Pipeline.php(208): Illuminate\\Http\\Middleware\\ValidatePostSize->handle()
#54 /app/vendor/laravel/framework/src/Illuminate/Foundation/Http/Middleware/PreventRequestsDuringMaintenance.php(109): Illuminate\\Pipeline\\Pipeline->{closure:{closure:Illuminate\\Pipeline\\Pipeline::carry():183}:184}()
#55 /app/vendor/laravel/framework/src/Illuminate/Pipeline/Pipeline.php(208): Illuminate\\Foundation\\Http\\Middleware\\PreventRequestsDuringMaintenance->handle()
#56 /app/vendor/laravel/framework/src/Illuminate/Http/Middleware/HandleCors.php(48): Illuminate\\Pipeline\\Pipeline->{closure:{closure:Illuminate\\Pipeline\\Pipeline::carry():183}:184}()
#57 /app/vendor/laravel/framework/src/Illuminate/Pipeline/Pipeline.php(208): Illuminate\\Http\\Middleware\\HandleCors->handle()
#58 /app/vendor/laravel/framework/src/Illuminate/Http/Middleware/TrustProxies.php(58): Illuminate\\Pipeline\\Pipeline->{closure:{closure:Illuminate\\Pipeline\\Pipeline::carry():183}:184}()
#59 /app/vendor/laravel/framework/src/Illuminate/Pipeline/Pipeline.php(208): Illuminate\\Http\\Middleware\\TrustProxies->handle()
#60 /app/vendor/laravel/framework/src/Illuminate/Foundation/Http/Middleware/InvokeDeferredCallbacks.php(22): Illuminate\\Pipeline\\Pipeline->{closure:{closure:Illuminate\\Pipeline\\Pipeline::carry():183}:184}()
#61 /app/vendor/laravel/framework/src/Illuminate/Pipeline/Pipeline.php(208): Illuminate\\Foundation\\Http\\Middleware\\InvokeDeferredCallbacks->handle()
#62 /app/vendor/laravel/framework/src/Illuminate/Http/Middleware/ValidatePathEncoding.php(26): Illuminate\\Pipeline\\Pipeline->{closure:{closure:Illuminate\\Pipeline\\Pipeline::carry():183}:184}()
#63 /app/vendor/laravel/framework/src/Illuminate/Pipeline/Pipeline.php(208): Illuminate\\Http\\Middleware\\ValidatePathEncoding->handle()
#64 /app/vendor/laravel/framework/src/Illuminate/Pipeline/Pipeline.php(126): Illuminate\\Pipeline\\Pipeline->{closure:{closure:Illuminate\\Pipeline\\Pipeline::carry():183}:184}()
#65 /app/vendor/laravel/framework/src/Illuminate/Foundation/Http/Kernel.php(175): Illuminate\\Pipeline\\Pipeline->then()
#66 /app/vendor/laravel/framework/src/Illuminate/Foundation/Http/Kernel.php(144): Illuminate\\Foundation\\Http\\Kernel->sendRequestThroughRouter()
#67 /app/vendor/laravel/framework/src/Illuminate/Foundation/Application.php(1219): Illuminate\\Foundation\\Http\\Kernel->handle()
#68 /app/public/index.php(17): Illuminate\\Foundation\\Application->handleRequest()
#69 /app/vendor/laravel/framework/src/Illuminate/Foundation/resources/server.php(23): require_once('...')
#70 {main}

[previous exception] [object] (ErrorException(code: 2): ldap_read(): Search: Can't contact LDAP server at /app/vendor/directorytree/ldaprecord/src/Ldap.php:246)
[stacktrace]
#0 [internal function]: LdapRecord\\Ldap->{closure:LdapRecord\\HandlesConnection::executeFailableOperation():184}()
#1 /app/vendor/directorytree/ldaprecord/src/Ldap.php(246): ldap_read()
#2 /app/vendor/directorytree/ldaprecord/src/HandlesConnection.php(193): LdapRecord\\Ldap->{closure:LdapRecord\\Ldap::read():236}()
#3 /app/vendor/directorytree/ldaprecord/src/Ldap.php(236): LdapRecord\\Ldap->executeFailableOperation()
#4 /app/vendor/directorytree/ldaprecord/src/Query/Builder.php(587): LdapRecord\\Ldap->read()
#5 /app/vendor/directorytree/ldaprecord/src/Connection.php(354): LdapRecord\\Query\\Builder->{closure:LdapRecord\\Query\\Builder::run():576}()
#6 /app/vendor/directorytree/ldaprecord/src/Connection.php(422): LdapRecord\\Connection->runOperationCallback()
#7 /app/vendor/directorytree/ldaprecord/src/Connection.php(404): LdapRecord\\Connection->retry()
#8 /app/vendor/directorytree/ldaprecord/src/Connection.php(314): LdapRecord\\Connection->tryAgainIfCausedByLostConnection()
#9 /app/vendor/directorytree/ldaprecord/src/Query/Builder.php(576): LdapRecord\\Connection->run()
#10 /app/vendor/directorytree/ldaprecord/src/Query/Builder.php(362): LdapRecord\\Query\\Builder->run()
#11 /app/vendor/directorytree/ldaprecord/src/Query/Builder.php(562): LdapRecord\\Query\\Builder->{closure:LdapRecord\\Query\\Builder::query():362}()
#12 /app/vendor/directorytree/ldaprecord/src/Query/Builder.php(364): LdapRecord\\Query\\Builder->getCachedResponse()
#13 /app/vendor/directorytree/ldaprecord/src/Query/Builder.php(201): LdapRecord\\Query\\Builder->query()
#14 /app/vendor/directorytree/ldaprecord/src/Query/Builder.php(218): LdapRecord\\Query\\Builder->{closure:LdapRecord\\Query\\Builder::get():201}()
#15 /app/vendor/directorytree/ldaprecord/src/Query/Builder.php(200): LdapRecord\\Query\\Builder->onceWithColumns()
#16 /app/vendor/directorytree/ldaprecord/src/Query/Builder.php(652): LdapRecord\\Query\\Builder->get()
#17 /app/vendor/directorytree/ldaprecord/src/Query/Model/Builder.php(104): LdapRecord\\Query\\Builder->first()
#18 /app/vendor/directorytree/ldaprecord/src/Query/Builder.php(665): LdapRecord\\Query\\Model\\Builder->first()
#19 /app/vendor/directorytree/ldaprecord/src/Query/Model/Builder.php(112): LdapRecord\\Query\\Builder->firstOrFail()
#20 /app/app/Classes/LDAP/Server.php(254): LdapRecord\\Query\\Model\\Builder->firstOrFail()
#21 /app/app/Classes/LDAP/Server.php(42): App\\Classes\\LDAP\\Server::rootDSE()
#22 /app/app/Http/Middleware/SwapinAuthUser.php(47): App\\Classes\\LDAP\\Server->__construct()
#23 /app/vendor/laravel/framework/src/Illuminate/Pipeline/Pipeline.php(208): App\\Http\\Middleware\\SwapinAuthUser->handle()
#24 /app/app/Http/Middleware/AllowAnonymous.php(26): Illuminate\\Pipeline\\Pipeline->{closure:{closure:Illuminate\\Pipeline\\Pipeline::carry():183}:184}()
#25 /app/vendor/laravel/framework/src/Illuminate/Pipeline/Pipeline.php(208): App\\Http\\Middleware\\AllowAnonymous->handle()
#26 /app/app/Http/Middleware/AcceptLanguage.php(23): Illuminate\\Pipeline\\Pipeline->{closure:{closure:Illuminate\\Pipeline\\Pipeline::carry():183}:184}()
#27 /app/vendor/laravel/framework/src/Illuminate/Pipeline/Pipeline.php(208): App\\Http\\Middleware\\AcceptLanguage->handle()
#28 /app/vendor/laravel/framework/src/Illuminate/Routing/Middleware/SubstituteBindings.php(50): Illuminate\\Pipeline\\Pipeline->{closure:{closure:Illuminate\\Pipeline\\Pipeline::carry():183}:184}()
#29 /app/vendor/laravel/framework/src/Illuminate/Pipeline/Pipeline.php(208): Illuminate\\Routing\\Middleware\\SubstituteBindings->handle()
#30 /app/vendor/laravel/framework/src/Illuminate/Foundation/Http/Middleware/VerifyCsrfToken.php(87): Illuminate\\Pipeline\\Pipeline->{closure:{closure:Illuminate\\Pipeline\\Pipeline::carry():183}:184}()
#31 /app/vendor/laravel/framework/src/Illuminate/Pipeline/Pipeline.php(208): Illuminate\\Foundation\\Http\\Middleware\\VerifyCsrfToken->handle()
#32 /app/vendor/laravel/framework/src/Illuminate/View/Middleware/ShareErrorsFromSession.php(48): Illuminate\\Pipeline\\Pipeline->{closure:{closure:Illuminate\\Pipeline\\Pipeline::carry():183}:184}()
#33 /app/vendor/laravel/framework/src/Illuminate/Pipeline/Pipeline.php(208): Illuminate\\View\\Middleware\\ShareErrorsFromSession->handle()
#34 /app/vendor/laravel/framework/src/Illuminate/Session/Middleware/StartSession.php(120): Illuminate\\Pipeline\\Pipeline->{closure:{closure:Illuminate\\Pipeline\\Pipeline::carry():183}:184}()
#35 /app/vendor/laravel/framework/src/Illuminate/Session/Middleware/StartSession.php(63): Illuminate\\Session\\Middleware\\StartSession->handleStatefulRequest()
#36 /app/vendor/laravel/framework/src/Illuminate/Pipeline/Pipeline.php(208): Illuminate\\Session\\Middleware\\StartSession->handle()
#37 /app/vendor/laravel/framework/src/Illuminate/Cookie/Middleware/AddQueuedCookiesToResponse.php(36): Illuminate\\Pipeline\\Pipeline->{closure:{closure:Illuminate\\Pipeline\\Pipeline::carry():183}:184}()
#38 /app/vendor/laravel/framework/src/Illuminate/Pipeline/Pipeline.php(208): Illuminate\\Cookie\\Middleware\\AddQueuedCookiesToResponse->handle()
#39 /app/vendor/laravel/framework/src/Illuminate/Cookie/Middleware/EncryptCookies.php(74): Illuminate\\Pipeline\\Pipeline->{closure:{closure:Illuminate\\Pipeline\\Pipeline::carry():183}:184}()
#40 /app/vendor/laravel/framework/src/Illuminate/Pipeline/Pipeline.php(208): Illuminate\\Cookie\\Middleware\\EncryptCookies->handle()
#41 /app/vendor/laravel/framework/src/Illuminate/Pipeline/Pipeline.php(126): Illuminate\\Pipeline\\Pipeline->{closure:{closure:Illuminate\\Pipeline\\Pipeline::carry():183}:184}()
#42 /app/vendor/laravel/framework/src/Illuminate/Routing/Router.php(807): Illuminate\\Pipeline\\Pipeline->then()
#43 /app/vendor/laravel/framework/src/Illuminate/Routing/Router.php(786): Illuminate\\Routing\\Router->runRouteWithinStack()
#44 /app/vendor/laravel/framework/src/Illuminate/Routing/Router.php(750): Illuminate\\Routing\\Router->runRoute()
#45 /app/vendor/laravel/framework/src/Illuminate/Routing/Router.php(739): Illuminate\\Routing\\Router->dispatchToRoute()
#46 /app/vendor/laravel/framework/src/Illuminate/Foundation/Http/Kernel.php(200): Illuminate\\Routing\\Router->dispatch()
#47 /app/vendor/laravel/framework/src/Illuminate/Pipeline/Pipeline.php(169): Illuminate\\Foundation\\Http\\Kernel->{closure:Illuminate\\Foundation\\Http\\Kernel::dispatchToRouter():197}()
#48 /app/vendor/laravel/framework/src/Illuminate/Foundation/Http/Middleware/TransformsRequest.php(21): Illuminate\\Pipeline\\Pipeline->{closure:Illuminate\\Pipeline\\Pipeline::prepareDestination():167}()
#49 /app/vendor/laravel/framework/src/Illuminate/Foundation/Http/Middleware/ConvertEmptyStringsToNull.php(31): Illuminate\\Foundation\\Http\\Middleware\\TransformsRequest->handle()
#50 /app/vendor/laravel/framework/src/Illuminate/Pipeline/Pipeline.php(208): Illuminate\\Foundation\\Http\\Middleware\\ConvertEmptyStringsToNull->handle()
#51 /app/vendor/laravel/framework/src/Illuminate/Foundation/Http/Middleware/TransformsRequest.php(21): Illuminate\\Pipeline\\Pipeline->{closure:{closure:Illuminate\\Pipeline\\Pipeline::carry():183}:184}()
#52 /app/vendor/laravel/framework/src/Illuminate/Foundation/Http/Middleware/TrimStrings.php(51): Illuminate\\Foundation\\Http\\Middleware\\TransformsRequest->handle()
#53 /app/vendor/laravel/framework/src/Illuminate/Pipeline/Pipeline.php(208): Illuminate\\Foundation\\Http\\Middleware\\TrimStrings->handle()
#54 /app/vendor/laravel/framework/src/Illuminate/Http/Middleware/ValidatePostSize.php(27): Illuminate\\Pipeline\\Pipeline->{closure:{closure:Illuminate\\Pipeline\\Pipeline::carry():183}:184}()
#55 /app/vendor/laravel/framework/src/Illuminate/Pipeline/Pipeline.php(208): Illuminate\\Http\\Middleware\\ValidatePostSize->handle()
#56 /app/vendor/laravel/framework/src/Illuminate/Foundation/Http/Middleware/PreventRequestsDuringMaintenance.php(109): Illuminate\\Pipeline\\Pipeline->{closure:{closure:Illuminate\\Pipeline\\Pipeline::carry():183}:184}()
#57 /app/vendor/laravel/framework/src/Illuminate/Pipeline/Pipeline.php(208): Illuminate\\Foundation\\Http\\Middleware\\PreventRequestsDuringMaintenance->handle()
#58 /app/vendor/laravel/framework/src/Illuminate/Http/Middleware/HandleCors.php(48): Illuminate\\Pipeline\\Pipeline->{closure:{closure:Illuminate\\Pipeline\\Pipeline::carry():183}:184}()
#59 /app/vendor/laravel/framework/src/Illuminate/Pipeline/Pipeline.php(208): Illuminate\\Http\\Middleware\\HandleCors->handle()
#60 /app/vendor/laravel/framework/src/Illuminate/Http/Middleware/TrustProxies.php(58): Illuminate\\Pipeline\\Pipeline->{closure:{closure:Illuminate\\Pipeline\\Pipeline::carry():183}:184}()
#61 /app/vendor/laravel/framework/src/Illuminate/Pipeline/Pipeline.php(208): Illuminate\\Http\\Middleware\\TrustProxies->handle()
#62 /app/vendor/laravel/framework/src/Illuminate/Foundation/Http/Middleware/InvokeDeferredCallbacks.php(22): Illuminate\\Pipeline\\Pipeline->{closure:{closure:Illuminate\\Pipeline\\Pipeline::carry():183}:184}()
#63 /app/vendor/laravel/framework/src/Illuminate/Pipeline/Pipeline.php(208): Illuminate\\Foundation\\Http\\Middleware\\InvokeDeferredCallbacks->handle()
#64 /app/vendor/laravel/framework/src/Illuminate/Http/Middleware/ValidatePathEncoding.php(26): Illuminate\\Pipeline\\Pipeline->{closure:{closure:Illuminate\\Pipeline\\Pipeline::carry():183}:184}()
#65 /app/vendor/laravel/framework/src/Illuminate/Pipeline/Pipeline.php(208): Illuminate\\Http\\Middleware\\ValidatePathEncoding->handle()
#66 /app/vendor/laravel/framework/src/Illuminate/Pipeline/Pipeline.php(126): Illuminate\\Pipeline\\Pipeline->{closure:{closure:Illuminate\\Pipeline\\Pipeline::carry():183}:184}()
#67 /app/vendor/laravel/framework/src/Illuminate/Foundation/Http/Kernel.php(175): Illuminate\\Pipeline\\Pipeline->then()
#68 /app/vendor/laravel/framework/src/Illuminate/Foundation/Http/Kernel.php(144): Illuminate\\Foundation\\Http\\Kernel->sendRequestThroughRouter()
#69 /app/vendor/laravel/framework/src/Illuminate/Foundation/Application.php(1219): Illuminate\\Foundation\\Http\\Kernel->handle()
#70 /app/public/index.php(17): Illuminate\\Foundation\\Application->handleRequest()
#71 /app/vendor/laravel/framework/src/Illuminate/Foundation/resources/server.php(23): require_once('...')
#72 {main}
"} 
